Variety,Group,Arrivals (Tonnes),Min Price (Rs./Quintal),Max Price (Rs./Quintal),Modal Price (Rs./Quintal),Reported Date,District Name_Pune,Market Name_Pune,Price Range,Demand Indicator
 Other, Fruits,1.5,800,1600,1200,,False,False,800,0.0012489592006661116
 Other, Fruits,1.5,800,2000,1400,,False,False,1200,0.0010706638115631692
 Other, Fruits,1.9,1000,2000,1500,,False,False,1000,0.0012658227848101266
 Other, Fruits,2.2,800,1800,1300,,False,False,1000,0.0016910069177555728
 Other, Fruits,2.4,800,2000,1400,,False,False,1200,0.0017130620985010706
 Other, Fruits,2.8,800,1400,1100,,False,False,600,0.0025431425976385103
 Other, Fruits,3.0,1000,2000,1500,,False,False,1000,0.001998667554963358
 Other, Fruits,3.3,800,1600,1200,,False,False,800,0.0027477102414654453
 Other, Fruits,3.6,800,1200,1000,,False,False,400,0.0035964035964035964
 Other, Fruits,0.5,800,1800,1300,,False,False,1000,0.0003843197540353574
 Other, Fruits,1.3,800,1400,1100,,False,False,600,0.0011807447774750228
 Other, Fruits,1.4,800,1600,1200,,False,False,800,0.0011656952539550374
 Other, Fruits,1.8,800,1800,1300,,False,False,1000,0.0013835511145272868
 Other, Fruits,1.9,800,1400,1100,,False,False,600,0.0017257039055404177
 Other, Fruits,2.3,800,1200,1000,,False,False,400,0.0022977022977022977
 Other, Fruits,2.4,800,2000,1400,,False,False,1200,0.0017130620985010706
 Other, Fruits,2.5,5000,7000,6000,,False,False,2000,0.0004165972337943676
 Other, Fruits,3.4,800,2000,1400,,False,False,1200,0.0024268379728765166
 Other, Fruits,0.4,800,1600,1200,,False,False,800,0.00033305578684429644
 Other, Fruits,2.4,800,1400,1100,,False,False,600,0.0021798365122615805
 Other, Fruits,3.2,800,2000,1400,,False,False,1200,0.0022840827980014277
 Other, Fruits,3.4,800,2200,1400,,False,False,1400,0.0024268379728765166
 Other, Fruits,4.2,800,1400,1100,,False,False,600,0.0038147138964577656
 Other, Fruits,1.0,500,1300,900,,False,False,800,0.0011098779134295228
 Other, Fruits,1.0,800,2000,1400,,False,False,1200,0.0007137758743754461
 Other, Fruits,1.3,800,1400,1100,,False,False,600,0.0011807447774750228
 Other, Fruits,1.5,1000,2000,1500,,False,False,1000,0.000999333777481679
 Other, Fruits,1.9,800,1800,1300,,False,False,1000,0.0014604150653343582
 Other, Fruits,2.0,800,1400,1100,,False,False,600,0.0018165304268846503
 Other, Fruits,2.1,800,1400,1100,,False,False,600,0.0019073569482288828
 Other, Fruits,2.1,800,1500,1100,,False,False,700,0.0019073569482288828
 Other, Fruits,2.2,800,1400,1100,,False,False,600,0.0019981834695731154
 Other, Fruits,0.5,800,1200,1000,,False,False,400,0.0004995004995004995
 Other, Fruits,0.7,800,1400,1100,,False,False,600,0.0006357856494096276
 Other, Fruits,1.3,800,1400,1100,,False,False,600,0.0011807447774750228
 Other, Fruits,1.9,800,1600,1200,,False,False,800,0.001582014987510408
 Other, Fruits,2.1,800,1600,1200,,False,False,800,0.0017485428809325564
 Other, Fruits,2.1,800,1600,1200,,False,False,800,0.0017485428809325564
 Other, Fruits,2.3,1000,2000,1500,,False,False,1000,0.001532311792138574
 Other, Fruits,2.4,800,1400,1100,,False,False,600,0.0021798365122615805
 Other, Fruits,2.6,500,1500,1000,,False,False,1000,0.0025974025974025974
 Other, Fruits,3.1,800,1600,1200,,False,False,800,0.0025811823480432973
 Other, Fruits,4.8,1000,2000,1500,,False,False,1000,0.0031978680879413725
 Other, Fruits,6.2,800,1400,1100,,False,False,600,0.005631244323342416
 Other, Fruits,9.8,800,1800,1300,,False,False,1000,0.007532667179093006
 Other, Fruits,0.8,800,1600,1200,,False,False,800,0.0006661115736885929
 Other, Fruits,1.8,800,1600,1200,,False,False,800,0.001498751040799334
 Other, Fruits,2.3,800,1500,1100,,False,False,700,0.002089009990917348
 Other, Fruits,2.4,800,1400,1100,,False,False,600,0.0021798365122615805
 Other, Fruits,3.0,800,1400,1100,,False,False,600,0.0027247956403269754
 Other, Fruits,3.7,800,2000,1400,,False,False,1200,0.0026409707351891507
 Other, Fruits,4.3,800,1200,1000,,False,False,400,0.004295704295704295
 Other, Fruits,7.9,800,1600,1200,,False,False,800,0.006577851790174854
 Other, Fruits,0.7,800,1400,1100,,False,False,600,0.0006357856494096276
 Other, Fruits,1.1,800,1200,1000,,False,False,400,0.001098901098901099
 Other, Fruits,1.2,1000,2000,1500,,False,False,1000,0.0007994670219853431
 Other, Fruits,1.3,800,1600,1200,,False,False,800,0.0010824313072439634
 Other, Fruits,2.6,800,1200,1000,,False,False,400,0.0025974025974025974
 Other, Fruits,2.8,1000,3000,2000,,False,False,2000,0.0013993003498250873
 Other, Fruits,3.2,800,1600,1200,,False,False,800,0.0026644462947543715
 Other, Fruits,4.1,800,1600,1200,,False,False,800,0.003413821815154038
 Other, Fruits,1.0,800,1600,1200,,False,False,800,0.0008326394671107411
 Other, Fruits,1.1,800,1400,1100,,False,False,600,0.0009990917347865577
 Other, Fruits,1.6,800,1600,1200,,False,False,800,0.0013322231473771858
 Other, Fruits,1.9,800,1600,1200,,False,False,800,0.001582014987510408
 Other, Fruits,1.9,1000,2000,1500,,False,False,1000,0.0012658227848101266
 Other, Fruits,2.0,1000,1500,1200,,False,False,500,0.0016652789342214821
 Other, Fruits,3.6,1000,2000,1500,,False,False,1000,0.0023984010659560294
 Other, Fruits,4.6,800,1600,1200,,False,False,800,0.0038301415487094087
 Other, Fruits,0.8,800,1600,1200,,False,False,800,0.0006661115736885929
 Other, Fruits,0.8,800,2000,1400,,False,False,1200,0.0005710206995003569
 Other, Fruits,1.5,800,14000,1100,,False,False,13200,0.0013623978201634877
 Other, Fruits,2.0,800,1600,1200,,False,False,800,0.0016652789342214821
 Other, Fruits,2.4,800,1600,1200,,False,False,800,0.0019983347210657783
 Other, Fruits,5.2,1000,2000,1500,,False,False,1000,0.00346435709526982
 Other, Fruits,1.0,1000,1200,1100,,False,False,200,0.0009082652134423251
 Other, Fruits,1.0,1000,2000,1500,,False,False,1000,0.0006662225183211193
 Other, Fruits,1.6,800,1600,1200,,False,False,800,0.0013322231473771858
 Other, Fruits,1.8,800,1800,1300,,False,False,1000,0.0013835511145272868
 Other, Fruits,1.9,800,1400,1100,,False,False,600,0.0017257039055404177
 Other, Fruits,2.1,800,1600,1200,,False,False,800,0.0017485428809325564
 Other, Fruits,2.2,800,1600,1200,,False,False,800,0.0018318068276436306
 Other, Fruits,2.5,800,1200,1000,,False,False,400,0.0024975024975024975
 Other, Fruits,3.2,800,1400,1100,,False,False,600,0.0029064486830154405
 Other, Fruits,5.7,800,1400,1100,,False,False,600,0.0051771117166212535
 Other, Fruits,5.8,800,1600,1200,,False,False,800,0.004829308909242298
 Other, Fruits,0.9,800,1600,1200,,False,False,800,0.000749375520399667
 Other, Fruits,1.0,800,1600,1200,,False,False,800,0.0008326394671107411
 Other, Fruits,1.6,500,1500,1000,,False,False,1000,0.0015984015984015984
 Other, Fruits,1.9,800,1600,1200,,False,False,800,0.001582014987510408
 Other, Fruits,2.1,800,1400,1100,,False,False,600,0.0019073569482288828
 Other, Fruits,2.2,800,2000,1400,,False,False,1200,0.0015703069236259815
 Other, Fruits,2.4,800,1400,1100,,False,False,600,0.0021798365122615805
 Other, Fruits,2.4,1000,2000,1500,,False,False,1000,0.0015989340439706862
 Other, Fruits,2.9,600,1400,1000,,False,False,800,0.002897102897102897
 Other, Fruits,2.9,800,2000,1400,,False,False,1200,0.0020699500356887936
 Other, Fruits,3.0,800,1400,1100,,False,False,600,0.0027247956403269754
 Other, Fruits,3.3,800,1500,1100,,False,False,700,0.002997275204359673
 Other, Fruits,3.5,800,1600,1200,,False,False,800,0.0029142381348875937
 Other, Fruits,3.9,800,1600,1200,,False,False,800,0.00324729392173189
 Other, Fruits,4.1,800,1400,1100,,False,False,600,0.0037238873751135326
 Other, Fruits,4.5,800,1200,1000,,False,False,400,0.004495504495504496
 Other, Fruits,1.4,800,1500,1100,,False,False,700,0.0012715712988192551
 Other, Fruits,1.4,800,2000,1400,,False,False,1200,0.0009992862241256246
 Other, Fruits,1.8,800,1800,1300,,False,False,1000,0.0013835511145272868
 Other, Fruits,3.2,800,1300,1000,,False,False,500,0.003196803196803197
 Other, Fruits,3.2,800,1600,1200,,False,False,800,0.0026644462947543715
 Other, Fruits,3.3,800,1400,1100,,False,False,600,0.002997275204359673
 Other, Fruits,0.7,1000,2000,1500,,False,False,1000,0.00046635576282478343
 Other, Fruits,1.5,800,1600,1200,,False,False,800,0.0012489592006661116
 Other, Fruits,1.5,1000,2000,1500,,False,False,1000,0.000999333777481679
 Other, Fruits,1.6,800,1200,1000,,False,False,400,0.0015984015984015984
 Other, Fruits,3.4,800,1800,1300,,False,False,1000,0.0026133743274404306
 Other, Fruits,4.0,800,1600,1200,,False,False,800,0.0033305578684429643
 Other, Fruits,5.5,1000,2000,1500,,False,False,1000,0.0036642238507661557
 Other, Fruits,0.5,500,1500,1000,,False,False,1000,0.0004995004995004995
 Other, Fruits,1.0,800,1400,1100,,False,False,600,0.0009082652134423251
 Other, Fruits,1.5,800,1400,1100,,False,False,600,0.0013623978201634877
 Other, Fruits,1.9,800,2000,1400,,False,False,1200,0.0013561741613133476
 Other, Fruits,2.7,800,2000,1400,,False,False,1200,0.0019271948608137045
 Other, Fruits,2.8,800,1200,1000,,False,False,400,0.002797202797202797
 Other, Fruits,3.0,800,1600,1200,,False,False,800,0.002497918401332223
 Other, Fruits,3.3,800,2000,1400,,False,False,1200,0.002355460385438972
 Other, Fruits,3.5,800,1800,1300,,False,False,1000,0.002690238278247502
 Other, Fruits,3.5,800,2000,1400,,False,False,1200,0.0024982155603140615
 Other, Fruits,8.4,800,1400,1100,,False,False,600,0.007629427792915531
 Other, Fruits,0.3,800,2000,1400,,False,False,1200,0.00021413276231263382
 Other, Fruits,0.9,800,1300,1000,,False,False,500,0.0008991008991008991
 Other, Fruits,1.0,800,1400,1100,,False,False,600,0.0009082652134423251
 Other, Fruits,1.1,800,1200,1000,,False,False,400,0.001098901098901099
 Other, Fruits,1.3,1000,2000,1500,,False,False,1000,0.000866089273817455
 Other, Fruits,1.5,800,1200,1000,,False,False,400,0.0014985014985014985
 Other, Fruits,2.1,800,1500,1100,,False,False,700,0.0019073569482288828
 Other, Fruits,3.0,800,2000,1400,,False,False,1200,0.0021413276231263384
 Other, Fruits,3.2,800,1400,1100,,False,False,600,0.0029064486830154405
 Other, Fruits,3.6,800,1600,1200,,False,False,800,0.002997502081598668
 Other, Fruits,5.6,800,1600,1200,,False,False,800,0.004662781015820149
 Other, Fruits,6.3,800,1700,1200,,False,False,900,0.005245628642797669
 Other, Fruits,1.1,800,1400,1100,,False,False,600,0.0009990917347865577
 Other, Fruits,1.7,800,1400,1100,,False,False,600,0.0015440508628519528
 Other, Fruits,1.7,800,2000,1400,,False,False,1200,0.0012134189864382583
 Other, Fruits,1.9,800,1200,1000,,False,False,400,0.001898101898101898
 Other, Fruits,2.6,800,1600,1200,,False,False,800,0.0021648626144879267
 Other, Fruits,3.2,800,1600,1200,,False,False,800,0.0026644462947543715
 Other, Fruits,3.3,800,1400,1100,,False,False,600,0.002997275204359673
 Other, Fruits,3.7,800,1400,1100,,False,False,600,0.0033605812897366033
 Other, Fruits,5.0,1500,2500,2000,,False,False,1000,0.0024987506246876563
 Local, Vegetables,1103.0,400,1400,900,,False,False,1000,1.2241953385127635
 Local, Vegetables,1541.3,600,2000,1300,,False,False,1400,1.1847040737893928
 Local, Vegetables,1174.0,800,2400,1600,,False,False,1600,0.7332916926920675
 Local, Vegetables,793.6,800,2400,1600,,False,False,1600,0.4956901936289819
 Local, Vegetables,1352.3,2000,4600,3300,,False,False,2600,0.409663738261133
 Local, Vegetables,1410.0,1600,4800,3200,,False,False,3200,0.44048734770384257
 Local, Vegetables,869.2,800,2200,1500,,False,False,1400,0.5790806129247169
 Local, Vegetables,806.7,1300,3100,2200,,False,False,1800,0.3665152203543844
 Local, Vegetables,1310.4,2200,6000,4100,,False,False,3800,0.31953182150694953
 Local, Vegetables,1221.6,1500,3000,2250,,False,False,1500,0.5426921368280764
 Local, Vegetables,1315.9,2000,6500,4250,,False,False,4500,0.3095506939543637
 Local, Vegetables,737.8,1200,3000,2100,,False,False,1800,0.35116611137553544
 Local, Vegetables,1830.8,600,1800,1200,,False,False,1200,1.5243963363863446
 Local, Vegetables,1022.7,800,3000,1900,,False,False,2200,0.5379800105207786
 Local, Vegetables,2338.0,600,1800,1200,,False,False,1200,1.9467110741049125
 Local, Vegetables,999.9,2500,4100,3300,,False,False,1600,0.3029082096334444
 Local, Vegetables,795.2,1000,3000,2000,,False,False,2000,0.39740129935032487
 Local, Vegetables,1238.2,500,1500,1000,,False,False,1000,1.236963036963037
 Local, Vegetables,1060.7,900,2500,1700,,False,False,1600,0.6235743680188125
 Local, Vegetables,888.8,3000,4800,3900,,False,False,1800,0.22783901563701614
 Local, Vegetables,1167.7,1400,3000,2200,,False,False,1600,0.5305315765561108
 Local, Vegetables,1683.4,400,1400,900,,False,False,1000,1.8683684794672586
 Local, Vegetables,1683.9,700,2300,1500,,False,False,1600,1.1218520986009328
 Local, Vegetables,641.9,1400,2500,2050,,False,False,1100,0.3129692832764505
 Local, Vegetables,670.1,2000,5500,3750,,False,False,3500,0.1786456944814716
 Local, Vegetables,1422.6,1500,3000,2250,,False,False,1500,0.6319857840959573
 Local, Vegetables,1586.3,1600,3200,2400,,False,False,1600,0.660683048729696
 Local, Vegetables,1120.4,800,3000,1900,,False,False,2200,0.5893740136770121
 Local, Vegetables,1146.3,1600,3200,2400,,False,False,1600,0.47742607246980423
 Local, Vegetables,1296.5,800,3000,1900,,False,False,2200,0.6820094687006838
 Local, Vegetables,1950.5,600,1800,1200,,False,False,1200,1.6240632805995003
 Local, Vegetables,675.3,1200,3100,2150,,False,False,1900,0.3139470013947001
 Local, Vegetables,818.5,2500,4200,3350,,False,False,1700,0.24425544613548195
 Local, Vegetables,1547.9,2200,6500,4350,,False,False,4300,0.3557572971730637
 Local, Vegetables,1511.2,1600,3500,2550,,False,False,1900,0.5923951391611133
 Local, Vegetables,1909.3,1400,2700,2050,,False,False,1300,0.9309117503656753
 Local, Vegetables,1743.5,600,1800,1200,,False,False,1200,1.451706910907577
 Local, Vegetables,1301.6,500,1700,1100,,False,False,1200,1.1821980018165303
 Local, Vegetables,774.2,1000,3000,2000,,False,False,2000,0.3869065467266367
 Local, Vegetables,1172.4,800,3000,1900,,False,False,2200,0.6167280378748028
 Local, Vegetables,1149.5,3200,4500,3850,,False,False,1300,0.298493897688912
 Local, Vegetables,958.9,1400,2600,2000,,False,False,1200,0.4792103948025987
 Local, Vegetables,1065.0,1200,3100,2150,,False,False,1900,0.49511854951185497
 Local, Vegetables,1441.6,1400,3200,2300,,False,False,1800,0.6265102129508909
 Local, Vegetables,496.4,800,2600,1700,,False,False,1800,0.2918283362727807
 Local, Vegetables,905.0,2000,4500,3250,,False,False,2500,0.278375884343279
 Local, Vegetables,1364.7,1200,2500,1850,,False,False,1300,0.7372771474878445
 Local, Vegetables,1164.2,2000,4500,3250,,False,False,2500,0.35810519840049215
 Local, Vegetables,1358.9,500,1800,1150,,False,False,1300,1.1806255430060817
 Local, Vegetables,2103.0,1500,3500,2500,,False,False,2000,0.8408636545381847
 Local, Vegetables,742.1,3200,4600,3900,,False,False,1400,0.19023327351961036
 Local, Vegetables,935.3,3600,5200,4400,,False,False,1600,0.2125198818450352
 Local, Vegetables,1396.7,500,1600,1050,,False,False,1100,1.3289248334919126
 Local, Vegetables,1718.6,1500,3300,2400,,False,False,1800,0.7157850895460225
 Local, Vegetables,1047.4,2500,6500,4500,,False,False,4000,0.2327038435903133
 Local, Vegetables,669.9,1100,3100,2100,,False,False,2000,0.318848167539267
 Local, Vegetables,646.3,3500,4800,4150,,False,False,1300,0.15569742230787761
 Local, Vegetables,920.3,700,2100,1400,,False,False,1400,0.656887937187723
 Local, Vegetables,1004.8,2500,7000,4750,,False,False,4500,0.2114923174068617
 Local, Vegetables,1214.2,2000,5200,3600,,False,False,3200,0.3371841155234657
 Local, Vegetables,1924.0,600,1800,900,,False,False,1200,2.1354051054384016
 Local, Vegetables,962.9,1200,3000,2100,,False,False,1800,0.458305568776773
 Local, Vegetables,1161.6,2500,7000,4750,,False,False,4500,0.2444958956009261
 Local, Vegetables,957.5,2500,6500,4500,,False,False,4000,0.2127305043323706
 Local, Vegetables,1750.2,2000,7000,4500,,False,False,5000,0.3888469229060209
 Local, Vegetables,911.1,700,2100,1400,,False,False,1400,0.650321199143469
 Local, Vegetables,1617.0,2500,7000,4750,,False,False,4500,0.3403494001262892
 Local, Vegetables,1303.9,1400,2600,2000,,False,False,1200,0.651624187906047
 Local, Vegetables,981.7,3000,4400,3600,,False,False,1400,0.2726187170230492
 Local, Vegetables,888.2,3000,4800,3900,,False,False,1800,0.22768520892078956
 Local, Vegetables,1339.3,500,2200,1350,,False,False,1700,0.991339748334567
 Local, Vegetables,956.4,1400,3000,2200,,False,False,1600,0.43452975920036346
 Local, Vegetables,982.3,2400,6600,4500,,False,False,4200,0.21824039102421683
 Local, Vegetables,1196.6,2000,5000,3500,,False,False,3000,0.34178806055412736
 Local, Vegetables,1019.4,1600,2800,2200,,False,False,1200,0.4631531122217174
 Local, Vegetables,2509.9,600,1800,1200,,False,False,1200,2.089841798501249
 Local, Vegetables,1625.5,400,1800,1100,,False,False,1400,1.4763851044504996
 Local, Vegetables,970.6,3600,5000,4300,,False,False,1400,0.22566844919786097
 Local, Vegetables,632.2,3000,4300,3650,,False,False,1300,0.17315803889345385
 Local, Vegetables,1223.6,2000,6000,4000,,False,False,4000,0.3058235441139715
 Local, Vegetables,1364.3,2000,7000,4500,,False,False,5000,0.3031104199066874
 Local, Vegetables,1025.7,1600,3500,2550,,False,False,1900,0.402077616620933
 Local, Vegetables,1387.0,2000,5000,3500,,False,False,3000,0.3961725221365324
 Local, Vegetables,1731.7,1400,2500,2050,,False,False,1100,0.8443198439785471
 Local, Vegetables,1283.2,2200,4600,3400,,False,False,2400,0.3773007938841517
 Local, Vegetables,895.8,2500,6000,4250,,False,False,3500,0.21072688779110796
 Local, Vegetables,641.0,700,2500,1600,,False,False,1800,0.40037476577139286
 Local, Vegetables,1112.6,800,3000,1900,,False,False,2200,0.5852709100473434
 Local, Vegetables,1760.3,500,1700,1100,,False,False,1200,1.5988192552225249
 Local, Vegetables,1597.6,600,2000,1300,,False,False,1400,1.227978478093774
 Local, Vegetables,924.2,2800,4000,3400,,False,False,1200,0.2717436048221112
 Local, Vegetables,1008.8,1400,2600,2000,,False,False,1200,0.5041479260369814
 Local, Vegetables,2383.6,1500,2500,2000,,False,False,1000,1.1912043978010993
 Local, Vegetables,1954.1,600,1800,1200,,False,False,1200,1.627060782681099
 Local, Vegetables,1193.5,2000,3500,2750,,False,False,1500,0.43384223918575066
 Local, Vegetables,933.5,3500,5200,4350,,False,False,1700,0.21454837968283152
 Local, Vegetables,1233.3,1400,2800,2100,,False,False,1400,0.5870061875297478
 Local, Vegetables,2311.7,500,1900,1200,,False,False,1400,1.9248126561199
 Local, Vegetables,1349.8,500,1500,1000,,False,False,1000,1.3484515484515485
 Local, Vegetables,1020.6,2000,6000,4000,,False,False,4000,0.2550862284428893
 Local, Vegetables,1883.4,700,1700,1200,,False,False,1000,1.5681931723563698
 Local, Vegetables,1181.9,2500,6200,4350,,False,False,3700,0.27163870374626525
 Local, Vegetables,1594.8,1500,2800,2150,,False,False,1300,0.7414225941422594
 Local, Vegetables,4427.6,1400,2600,2000,,False,False,1200,2.2126936531734134
 Local, Vegetables,1546.4,600,2000,1300,,False,False,1400,1.1886241352805536
 Local, Vegetables,1359.6,600,2000,1300,,False,False,1400,1.0450422751729438
 Local, Vegetables,1194.9,1400,2800,2100,,False,False,1400,0.5687291765825798
 Local, Vegetables,1556.0,1200,2600,1900,,False,False,1400,0.8185165702261967
 Local, Vegetables,1108.5,600,1800,1200,,False,False,1200,0.9229808492922564
 Local, Vegetables,786.7,1000,3000,2000,,False,False,2000,0.39315342328835584
 Local, Vegetables,1684.6,1600,3200,2400,,False,False,1600,0.7016243231986672
 Local, Vegetables,1512.6,400,1600,1000,,False,False,1200,1.511088911088911
 Local, Vegetables,1470.6,600,1600,1100,,False,False,1000,1.3356948228882832
 Local, Vegetables,1326.4,2000,6500,4250,,False,False,4500,0.31202070101152674
 Local, Vegetables,1332.7,1500,3200,2350,,False,False,1700,0.5668651637601021
 Local, Vegetables,1168.9,1600,3200,2400,,False,False,1600,0.4868388171595169
 Local, Vegetables,1132.5,600,1800,1200,,False,False,1200,0.9429641965029142
 Local, Vegetables,1035.0,600,2000,1400,,False,False,1400,0.7387580299785867
 Local, Vegetables,954.8,600,1900,1250,,False,False,1300,0.7632294164668265
 Local, Vegetables,1185.9,2500,6500,4500,,False,False,4000,0.2634747833814708
 Local, Vegetables,1936.0,1500,7000,4250,,False,False,5500,0.4554222535873912
 Local, Vegetables,1056.3,1000,3000,2000,,False,False,2000,0.5278860569715143
 Local, Vegetables,790.7,2400,4000,3200,,False,False,1600,0.2470165573258357
 Local, Vegetables,1111.3,2300,6500,4400,,False,False,4200,0.2525107930015905
 Local, Vegetables,1773.2,1500,3000,2250,,False,False,1500,0.7877387827632164
 Local, Vegetables,1139.2,2600,4000,3300,,False,False,1400,0.34510754316873676
 Local, Vegetables,1621.3,1500,2900,2200,,False,False,1400,0.7366197183098592
 Local, Vegetables,1354.5,1500,3200,2350,,False,False,1700,0.5761378136962995
 Local, Vegetables,1306.8,2000,7500,4750,,False,False,5500,0.27505788255104185
 Local, Vegetables,1413.5,1600,3000,2300,,False,False,1400,0.6142981312472838
 Local, Vegetables,1381.8,600,1600,1100,,False,False,1000,1.255040871934605
 Local, Vegetables,1341.2,1600,3200,2400,,False,False,1600,0.5586005830903791
 Local, Vegetables,909.3,1400,3000,2200,,False,False,1600,0.41313039527487505
 Local, Vegetables,1578.2,1500,4800,3150,,False,False,3300,0.5008568708346557
 Local, Vegetables,914.2,1600,3200,2400,,False,False,1600,0.3807580174927114
 Local, Vegetables,1330.6,600,1600,1100,,False,False,1000,1.2085376930063578
 Local, Vegetables,1278.3,1800,3500,2650,,False,False,1700,0.4821953979630328
 Local, Vegetables,913.6,800,2700,1750,,False,False,1900,0.5217589948600799
 Local, Vegetables,672.0,1200,3000,2100,,False,False,1800,0.31984769157544024
 Local, Vegetables,981.1,2500,4100,3300,,False,False,1600,0.2972129657679491
 Local, Vegetables,1129.3,900,3100,2000,,False,False,2200,0.564367816091954
 Local, Vegetables,1835.5,1400,2800,2100,,False,False,1400,0.8736316039980961
 Local, Vegetables,1659.9,2200,4600,3400,,False,False,2400,0.4880623346074684
 Local, Vegetables,1582.3,1400,3000,2200,,False,False,1600,0.7189004997728305
 Local, Vegetables,1271.8,1800,3500,2650,,False,False,1700,0.4797434930215013
 Local, Vegetables,1269.7,700,2100,1400,,False,False,1400,0.9062812276945039
 Local, Vegetables,1532.9,1600,3200,2400,,False,False,1600,0.638442315701791
 Local, Vegetables,969.0,1000,3100,2050,,False,False,2100,0.47245246221355436
 Local, Vegetables,1175.2,1200,3000,2100,,False,False,1800,0.5593526891956212
 Local, Vegetables,941.3,2000,6100,4050,,False,False,4100,0.23236237965934337
 Local, Vegetables,953.3,2500,6500,4500,,False,False,4000,0.21179737836036436
 Local, Vegetables,1912.6,600,1600,1100,,False,False,1000,1.737148047229791
 Local, Vegetables,828.2,1000,3000,2000,,False,False,2000,0.4138930534732634
 Local, Vegetables,712.3,1000,3100,2050,,False,False,2100,0.34729400292540225
 Local, Vegetables,777.2,3200,4800,4000,,False,False,1600,0.19425143714071483
 Local, Vegetables,1143.3,1200,3200,2200,,False,False,2000,0.5194457064970468
 Local, Vegetables,1432.4,2000,5000,3500,,False,False,3000,0.40914024564410173
 Local, Vegetables,1126.4,1400,3000,2200,,False,False,1600,0.5117673784643344
 Local, Vegetables,1589.6,2400,4000,3200,,False,False,1600,0.4965948141205873
 Local, Vegetables,1022.5,2000,4400,3200,,False,False,2400,0.31943142767885035
 Local, Vegetables,1142.2,1500,3300,2400,,False,False,1800,0.4757184506455644
 Local, Vegetables,1142.2,1500,3300,2400,,False,False,1800,0.4757184506455644
 Local, Vegetables,1038.3,600,2000,1300,,False,False,1400,0.7980784012298232
 Local, Vegetables,839.4,1000,3000,2000,,False,False,2000,0.4194902548725637
 Local, Vegetables,530.0,1500,2600,2050,,False,False,1100,0.25841053144807413
 Local, Vegetables,751.5,1200,3000,2100,,False,False,1800,0.35768681580199907
 Local, Vegetables,2101.6,500,1700,1100,,False,False,1200,1.9088101725703905
 Local, Vegetables,1718.2,600,1800,1200,,False,False,1200,1.4306411323896753
 Local, Vegetables,1304.4,500,1500,1000,,False,False,1000,1.3030969030969033
 Local, Vegetables,1128.4,3500,4900,4200,,False,False,1400,0.26860271363960964
 Local, Vegetables,1052.3,1800,3700,2750,,False,False,1900,0.38251544892766265
 Local, Vegetables,2454.4,400,1600,1000,,False,False,1200,2.451948051948052
 Local, Vegetables,2626.0,700,2100,1400,,False,False,1400,1.8743754461099216
 Local, Vegetables,1594.5,600,1800,1200,,False,False,1200,1.3276436303080765
 Local, Vegetables,985.7,2200,4500,3350,,False,False,2300,0.29415099970158165
 Local, Vegetables,849.9,3000,4500,3750,,False,False,1500,0.22657957877899226
 Local, Vegetables,951.5,1200,3100,2150,,False,False,1900,0.4423523942352394
 Local, Vegetables,251.3,1000,3000,2000,,False,False,2000,0.1255872063968016
 Local, Vegetables,1139.7,1200,3000,2100,,False,False,1800,0.5424559733460257
 Local, Vegetables,839.6,900,2500,1700,,False,False,1600,0.4935920047031158
 Local, Vegetables,1007.9,1500,2600,2050,,False,False,1100,0.49141882008776205
 Local, Vegetables,1466.7,500,1500,1000,,False,False,1000,1.4652347652347653
 Local, Vegetables,1345.6,1500,3300,2400,,False,False,1800,0.5604331528529779
 Local, Vegetables,1078.6,2000,6300,4150,,False,False,4300,0.25984100216815226
 Local, Vegetables,1105.5,1500,4500,3000,,False,False,3000,0.3683772075974675
 Local, Vegetables,1105.5,1500,4500,3000,,False,False,3000,0.3683772075974675
 Local, Vegetables,851.5,1000,3000,2000,,False,False,2000,0.4255372313843078
 Local, Vegetables,984.4,600,1600,1100,,False,False,1000,0.8940962761126249
 Local, Vegetables,513.5,1000,3100,2050,,False,False,2100,0.25036567528035103
 Local, Vegetables,624.4,2000,4400,3200,,False,False,2400,0.1950640424867229
 Local, Vegetables,1390.0,500,1700,1100,,False,False,1200,1.262488646684832
 Local, Vegetables,970.1,1300,3100,2200,,False,False,1800,0.44075420263516585
 Local, Vegetables,983.9,800,2200,1500,,False,False,1400,0.6554963357761492
 Local, Vegetables,692.1,1200,3200,2200,,False,False,2000,0.31444797819173104
 Local, Vegetables,1370.4,1800,5000,3400,,False,False,3200,0.40294031167303734
 Local, Vegetables,1892.3,700,1900,1300,,False,False,1200,1.4544965411222137
 Local, Vegetables,1084.4,600,2000,1300,,False,False,1400,0.8335126825518833
 Local, Vegetables,1263.2,500,1500,1000,,False,False,1000,1.261938061938062
 Local, Vegetables,1475.1,1000,3200,2100,,False,False,2200,0.7020942408376963
 Local, Vegetables,1270.5,1200,3000,2100,,False,False,1800,0.6047120418848168
 Local, Vegetables,688.5,2000,3800,2900,,False,False,1800,0.23733195449844882
 Local, Vegetables,655.4,3000,4300,3650,,False,False,1300,0.1795124623390852
 Local, Vegetables,1028.1,2500,4500,3500,,False,False,2000,0.29365895458440444
 Local, Vegetables,1579.1,600,1600,1100,,False,False,1000,1.4342415985467756
 Local, Vegetables,1500.0,1000,3000,2000,,False,False,2000,0.7496251874062968
 Local, Vegetables,951.0,2400,5000,3700,,False,False,2600,0.25695757903269384
 Local, Vegetables,1149.4,2500,7000,4750,,False,False,4500,0.2419280151547043
 Local, Vegetables,1450.2,2000,4200,3100,,False,False,2200,0.46765559496936476
 Local, Vegetables,775.6,2500,6500,4500,,False,False,4000,0.17231726283048213
 Local, Vegetables,1998.8,1500,3300,2400,,False,False,1800,0.8324864639733445
 Local, Vegetables,1526.4,1400,2600,2000,,False,False,1200,0.7628185907046477
 Local, Vegetables,536.8,1800,5100,3450,,False,False,3300,0.1555491161982034
 Local, Vegetables,1251.9,1600,3200,2400,,False,False,1600,0.5214077467721783
 Local, Vegetables,1384.9,1800,3500,2650,,False,False,1700,0.5224066390041494
 Local, Vegetables,1037.9,1500,3100,2300,,False,False,1600,0.451064754454585
 Local, Vegetables,1355.4,1600,6000,3600,,False,False,4400,0.37639544570952516
 Local, Vegetables,1273.0,500,1500,1000,,False,False,1000,1.2717282717282716
 Local, Vegetables,1045.6,1500,2700,2100,,False,False,1200,0.497667777248929
 Local, Vegetables,892.2,1600,5000,3300,,False,False,3400,0.2702817328082399
 Local, Vegetables,1475.3,1600,3200,2400,,False,False,1600,0.6144523115368596
 Local, Vegetables,1323.9,600,1800,1200,,False,False,1200,1.1023313905079102
 Local, Vegetables,816.5,1400,3000,2200,,False,False,1600,0.3709677419354839
 Local, Vegetables,1212.1,1200,3200,2200,,False,False,2000,0.5507042253521126
 Local, Vegetables,54.0,1500,5400,3450,,False,False,3900,0.015647638365691104
 Local, Vegetables,1024.3,3000,4800,3900,,False,False,1800,0.2625736990515252
 Local, Vegetables,1125.0,500,1500,1000,,False,False,1000,1.123876123876124
 Local, Vegetables,715.9,3500,4800,4150,,False,False,1300,0.17246446639364008
 Local, Vegetables,1194.7,600,1800,1200,,False,False,1200,0.9947543713572023
 Local, Vegetables,1636.3,800,2200,1500,,False,False,1400,1.0901399067288473
 Local, Vegetables,716.0,2000,4200,3100,,False,False,2200,0.23089326023863269
 Local, Vegetables,1607.1,1400,2500,2050,,False,False,1100,0.7835689907362262
 Local, Vegetables,1944.0,400,1600,1000,,False,False,1200,1.942057942057942
 Local, Vegetables,1786.1,500,1500,1000,,False,False,1000,1.7843156843156842
 Local, Vegetables,397.7,1400,3000,2200,,False,False,1600,0.18069059518400726
 Local, Vegetables,1024.2,3000,4400,3700,,False,False,1400,0.27673601729262365
 Local, Vegetables,1206.1,1400,3200,2300,,False,False,1800,0.5241634072142546
 Local, Vegetables,992.5,1500,3100,2300,,False,False,1600,0.4313342025206432
 Local, Vegetables,1854.0,600,2000,1300,,False,False,1400,1.4250576479631054
 Local, Vegetables,1493.2,500,1500,1000,,False,False,1000,1.4917082917082918
 Local, Vegetables,1149.3,600,2000,1300,,False,False,1400,0.8833973866256726
 Local, Vegetables,1291.7,2000,3600,2800,,False,False,1600,0.4611567297393788
 Local, Vegetables,942.2,600,1600,1050,,False,False,1000,0.8964795432921028
 Local, Vegetables,637.2,700,2500,1600,,False,False,1800,0.398001249219238
 Local, Vegetables,590.3,2900,4300,3600,,False,False,1400,0.16392668703138016
 Local, Vegetables,1115.4,1000,3200,2100,,False,False,2200,0.5308900523560209
 Local, Vegetables,561.6,2800,4200,3500,,False,False,1400,0.1604113110539846
 Local, Vegetables,1018.4,2000,7000,4500,,False,False,5000,0.2262608309264608
 Local, Vegetables,555.3,2000,3500,2750,,False,False,1500,0.20185387131952015
 Local, Vegetables,1300.0,1400,2600,2000,,False,False,1200,0.6496751624187906
 Local, Vegetables,1175.0,500,1500,1000,,False,False,1000,1.173826173826174
 Local, Vegetables,829.3,1200,3200,2200,,False,False,2000,0.376783280327124
 Local, Vegetables,1162.8,2200,6200,3700,,False,False,4000,0.31418535530937586
 Local, Vegetables,2357.6,600,1800,1200,,False,False,1200,1.963030807660283
 Local, Vegetables,1311.0,1100,3100,2100,,False,False,2000,0.623988576868158
 Local, Vegetables,884.8,2000,3500,2750,,False,False,1500,0.32162849872773536
 Local, Vegetables,813.7,1000,3000,2000,,False,False,2000,0.4066466766616692
 Local, Vegetables,772.5,3200,4500,3850,,False,False,1300,0.20059724746819008
 Local, Vegetables,1471.9,1400,2600,2000,,False,False,1200,0.7355822088955523
 Local, Vegetables,1263.0,1200,3000,2100,,False,False,1800,0.601142313184198
 Local, Vegetables,913.6,2000,4600,3300,,False,False,2600,0.2767646167827931
 Local, Vegetables,1362.3,1500,3200,2350,,False,False,1700,0.5794555508294342
 Local, Vegetables,826.3,1000,3000,2000,,False,False,2000,0.41294352823588204
 Local, Vegetables,1330.0,2500,4600,3550,,False,False,2100,0.3745423824274852
 Local, Vegetables,1289.5,2500,7000,4750,,False,False,4500,0.2714165438854978
 Local, Vegetables,1693.4,2800,4200,3500,,False,False,1400,0.48369037417880606
 Local, Vegetables,1059.5,1400,2600,2000,,False,False,1200,0.5294852573713144
 Local, Vegetables,1935.8,1400,2600,2000,,False,False,1200,0.967416291854073
 Local, Vegetables,1313.0,2000,4600,3300,,False,False,2600,0.3977582550742199
 Local, Vegetables,1849.3,1500,3000,2250,,False,False,1500,0.8215459795646379
 Local, Vegetables,743.4,2000,5000,3500,,False,False,3000,0.21233933161953727
 Local, Vegetables,950.8,2000,6500,4250,,False,False,4500,0.22366501999529523
 Local, Vegetables,1570.2,1400,2800,2100,,False,False,1400,0.7473584007615421
 Local, Vegetables,2102.2,1500,2700,2100,,False,False,1200,1.000571156592099
 Local, Vegetables,1375.8,1400,2800,2100,,False,False,1400,0.654831032841504
 Local, Vegetables,883.2,600,1600,1100,,False,False,1000,0.8021798365122617
 Local, Vegetables,280.8,1200,3000,2100,,False,False,1800,0.13365064255116613
 Local, Vegetables,1168.3,2500,7200,4850,,False,False,4700,0.24083694083694082
 Local, Vegetables,775.4,800,2600,1700,,False,False,1800,0.4558495002939447
 Local, Vegetables,1266.9,3300,4500,3900,,False,False,1200,0.324762881312484
 Local, Vegetables,1632.2,1800,4700,3250,,False,False,2900,0.502060904337127
 Local, Vegetables,760.6,2500,6500,4500,,False,False,4000,0.16898467007331705
 Local, Vegetables,1071.6,600,2000,1300,,False,False,1400,0.823674096848578
 Local, Vegetables,1266.8,1500,3200,2350,,False,False,1700,0.5388345384942578
 Local, Vegetables,874.7,1400,3000,2200,,False,False,1600,0.39741026805997276
 Local, Vegetables,1031.3,2800,4200,3500,,False,False,1400,0.2945729791488146
 Local, Vegetables,1266.9,3300,4500,3900,,False,False,1200,0.324762881312484
 Local, Vegetables,781.9,2500,4000,3250,,False,False,1500,0.24051061211934788
Local,Vegetables,116.8,600,2500,1550,2024-06-17,True,True,1900,0.07530625402965828
Local,Vegetables,133.2,2000,4000,3000,2024-06-20,True,True,2000,0.04438520493168943
Local,Vegetables,138.6,2500,5000,3750,2024-05-29,True,True,2500,0.03695014662756598
Local,Vegetables,144.0,1000,2200,1600,2024-10-21,True,True,1200,0.08994378513429106
Local,Vegetables,161.3,1000,4500,2750,2024-03-18,True,True,3500,0.058633224282079247
Local,Vegetables,170.8,1000,1600,1300,2024-10-28,True,True,600,0.1312836279784781
Local,Vegetables,179.2,600,3000,1800,2024-01-23,True,True,2400,0.09950027762354247
Local,Vegetables,196.5,500,1200,850,2025-03-15,True,True,700,0.2309048178613396
Local,Vegetables,206.4,1000,1800,1400,2024-08-01,True,True,800,0.14732334047109208
Local,Vegetables,220.5,600,2500,1550,2024-05-15,True,True,1900,0.14216634429400388
Local,Vegetables,232.3,600,1400,1000,2024-11-08,True,True,800,0.23206793206793208
Local,Vegetables,261.1,600,2000,1300,2024-10-07,True,True,1400,0.20069177555726367
Local,Vegetables,109.5,1500,6000,3750,2024-07-22,True,True,4500,0.029192215409224207
Local,Vegetables,118.7,2500,6500,4500,2024-10-02,True,True,4000,0.026371917351699622
Local,Vegetables,136.4,1000,4500,2750,2024-10-10,True,True,3500,0.04958197019265722
Local,Vegetables,165.7,1500,4500,3000,2024-08-20,True,True,3000,0.05521492835721426
Local,Vegetables,173.1,1000,3000,2000,2024-04-19,True,True,2000,0.08650674662668666
Local,Vegetables,176.6,600,1400,1000,2024-09-12,True,True,800,0.17642357642357642
Local,Vegetables,176.6,600,2000,1300,2024-12-24,True,True,1400,0.13574173712528823
Local,Vegetables,191.5,1000,2500,1750,2024-05-28,True,True,1500,0.10936607652769846
Local,Vegetables,191.6,1000,2200,1600,2024-02-27,True,True,1200,0.11967520299812617
Local,Vegetables,211.6,600,1200,900,2025-11-05,True,True,600,0.234850166481687
Local,Vegetables,217.5,600,2000,1550,2024-07-26,True,True,1400,0.1402321083172147
Local,Vegetables,222.8,1500,4500,3000,2024-08-18,True,True,3000,0.07424191936021327
Local,Vegetables,259.4,1000,1600,1300,2024-03-31,True,True,600,0.1993850883935434
Local,Vegetables,298.3,600,1400,1000,2024-01-19,True,True,800,0.298001998001998
Local,Vegetables,317.3,500,1000,750,2025-08-11,True,True,500,0.42250332889480696
Local,Vegetables,331.7,600,2000,1300,2024-01-12,True,True,1400,0.2549577248270561
Local,Vegetables,2996.0,600,1500,1050,2025-10-29,True,True,900,2.850618458610847
Local,Vegetables,0.3,4000,7000,5500,2024-09-03,True,True,3000,5.4535538992910375e-05
Local,Vegetables,99.8,600,2000,1300,2024-06-03,True,True,1400,0.07671022290545734
Local,Vegetables,108.1,1200,3500,2350,2024-07-15,True,True,2300,0.045980433857932795
Local,Vegetables,112.4,2000,6000,4000,2024-08-21,True,True,4000,0.028092976755811048
Local,Vegetables,120.8,1000,3000,2000,2024-01-20,True,True,2000,0.060369815092453774
Local,Vegetables,137.4,600,1200,900,2025-08-05,True,True,600,0.15249722530521642
Local,Vegetables,150.5,1000,2000,1500,2024-10-09,True,True,1000,0.10026648900732844
Local,Vegetables,161.7,1000,4500,2750,2024-07-31,True,True,3500,0.05877862595419847
Local,Vegetables,163.8,1000,3000,2000,2024-09-23,True,True,2000,0.08185907046476762
Local,Vegetables,177.1,1000,3500,2250,2024-11-06,True,True,2500,0.07867614393602843
Local,Vegetables,180.0,600,2500,1550,2024-02-18,True,True,1900,0.11605415860735009
Local,Vegetables,182.5,600,1200,900,2025-03-06,True,True,600,0.2025527192008879
Local,Vegetables,190.7,600,1600,1100,2024-11-12,True,True,1000,0.17320617620345138
Local,Vegetables,192.2,1000,2500,1750,2024-09-06,True,True,1500,0.10976584808680753
Local,Vegetables,194.3,600,2000,1300,2024-06-18,True,True,1400,0.1493466564181399
Local,Vegetables,198.6,1500,4000,2750,2024-12-20,True,True,2500,0.07219193020719739
Local,Vegetables,198.8,1000,2500,1750,2024-03-14,True,True,1500,0.11353512278697887
Local,Vegetables,206.6,1000,1600,1300,2024-10-24,True,True,600,0.15880092236740967
Local,Vegetables,210.0,1000,4000,2500,2024-03-27,True,True,3000,0.08396641343462614
Local,Vegetables,215.7,600,1400,1000,2024-04-21,True,True,800,0.21548451548451547
Local,Vegetables,234.8,600,1500,1050,2024-11-10,True,True,900,0.22340627973358707
Local,Vegetables,262.8,600,2000,1300,2024-01-10,True,True,1400,0.20199846272098387
Local,Vegetables,277.5,500,1400,950,2025-12-26,True,True,900,0.2917981072555205
Local,Vegetables,280.9,1000,2200,1600,2024-12-13,True,True,1200,0.17545284197376637
Local,Vegetables,281.6,600,2000,1300,2024-01-24,True,True,1400,0.21644888547271332
Local,Vegetables,283.0,600,1200,900,2025-09-25,True,True,600,0.31409544950055496
Local,Vegetables,95.7,1000,3000,2000,2024-10-16,True,True,2000,0.04782608695652174
Local,Vegetables,123.3,1000,4000,2500,2024-06-26,True,True,3000,0.04930027988804478
Local,Vegetables,133.2,2000,4000,3000,2024-10-18,True,True,2000,0.04438520493168943
Local,Vegetables,158.7,1000,4500,2750,2024-10-04,True,True,3500,0.05768811341330425
Local,Vegetables,164.6,1000,5000,3000,2024-02-19,True,True,4000,0.054848383872042654
Local,Vegetables,167.2,500,1200,850,2025-05-09,True,True,700,0.19647473560517037
Local,Vegetables,169.3,600,1400,1000,2024-12-11,True,True,800,0.16913086913086914
Local,Vegetables,171.8,600,3000,1800,2024-05-08,True,True,2400,0.09539144919489173
Local,Vegetables,172.5,600,1400,1000,2024-04-08,True,True,800,0.17232767232767232
Local,Vegetables,174.5,600,1200,900,2024-07-19,True,True,600,0.1936736958934517
Local,Vegetables,203.9,2000,6500,4250,2024-09-10,True,True,4500,0.04796518466243237
Local,Vegetables,205.7,600,2000,1300,2024-07-05,True,True,1400,0.15810914681014604
Local,Vegetables,211.2,2000,5500,3750,2024-07-29,True,True,3500,0.0563049853372434
Local,Vegetables,218.9,1000,4000,2500,2024-11-21,True,True,3000,0.08752499000399841
Local,Vegetables,252.1,1000,2500,1750,2024-09-19,True,True,1500,0.14397487150199886
Local,Vegetables,253.2,1000,3500,2250,2024-01-16,True,True,2500,0.11248334073745002
Local,Vegetables,327.3,600,1200,900,2025-01-17,True,True,600,0.3632630410654828
Local,Vegetables,350.7,500,1200,850,2025-12-08,True,True,700,0.41210340775558163
Local,Vegetables,355.9,1000,2500,1750,2024-02-03,True,True,1500,0.2032552826956025
Local,Vegetables,734.0,600,1200,900,2025-01-14,True,True,600,0.8146503884572697
Local,Vegetables,113.4,800,1500,1150,2025-06-06,True,True,700,0.09852302345786274
Local,Vegetables,123.2,1000,2800,1900,2024-12-04,True,True,1800,0.06480799579168858
Local,Vegetables,123.7,1000,3000,2000,2024-09-27,True,True,2000,0.061819090454772616
Local,Vegetables,165.4,1000,3500,2250,2024-10-23,True,True,2500,0.07347845402043536
Local,Vegetables,167.6,1500,4000,2750,2024-06-13,True,True,2500,0.0609233006179571
Local,Vegetables,170.0,1000,3500,2250,2024-04-16,True,True,2500,0.07552199022656597
Local,Vegetables,175.2,600,1200,900,2024-06-27,True,True,600,0.19445061043285236
Local,Vegetables,196.2,1500,4000,2750,2024-08-08,True,True,2500,0.071319520174482
Local,Vegetables,205.7,1000,2500,1750,2024-08-28,True,True,1500,0.1174757281553398
Local,Vegetables,213.2,600,2000,1300,2024-12-30,True,True,1400,0.1638739431206764
Local,Vegetables,223.2,500,2000,1250,2024-01-30,True,True,1500,0.17841726618705034
Local,Vegetables,229.9,600,1200,900,2025-01-28,True,True,600,0.2551609322974473
Local,Vegetables,237.6,6000,15000,10500,2025-06-14,True,True,9000,0.02262641653175888
Local,Vegetables,245.2,1500,3500,2500,2024-12-27,True,True,2000,0.09804078368652538
Local,Vegetables,257.7,600,2000,1300,2024-08-30,True,True,1400,0.1980784012298232
Local,Vegetables,261.3,1000,1600,1300,2024-07-17,True,True,600,0.2008455034588778
Local,Vegetables,58.4,3000,7500,5220,2024-06-12,True,True,4500,0.011185596628998276
Local,Vegetables,107.4,1500,4500,3000,2024-12-23,True,True,3000,0.03578807064311896
Local,Vegetables,142.7,1000,2500,1750,2024-11-18,True,True,1500,0.08149628783552255
Local,Vegetables,143.7,1000,2500,1750,2024-07-08,True,True,1500,0.08206739006282124
Local,Vegetables,158.5,1200,5500,3350,2024-08-12,True,True,4300,0.04729931363772008
Local,Vegetables,158.8,1000,2500,1750,2024-09-17,True,True,1500,0.09069103369503141
Local,Vegetables,165.0,1000,3200,2100,2024-02-24,True,True,2200,0.07853403141361257
Local,Vegetables,165.1,600,1200,900,2025-12-03,True,True,600,0.1832408435072142
Local,Vegetables,168.4,1000,3000,2000,2024-10-17,True,True,2000,0.08415792103948026
Local,Vegetables,172.5,1000,3500,2250,2024-10-01,True,True,2500,0.07663260772989783
Local,Vegetables,184.6,1500,5000,3250,2024-05-07,True,True,3500,0.056782528452783754
Local,Vegetables,188.7,600,1400,1000,2024-02-28,True,True,800,0.1885114885114885
Local,Vegetables,202.2,1000,2200,1600,2024-05-10,True,True,1200,0.12629606495940038
Local,Vegetables,204.7,600,1500,1050,2024-03-12,True,True,900,0.19476688867745004
Local,Vegetables,213.5,1000,1800,1400,2024-08-14,True,True,800,0.15239114917915775
Local,Vegetables,215.0,600,2500,1550,2024-11-15,True,True,1900,0.13862024500322373
Local,Vegetables,217.0,800,2500,1650,2024-09-13,True,True,1700,0.13143549364021806
Local,Vegetables,218.3,600,2000,1300,2024-05-23,True,True,1400,0.16779400461183705
Local,Vegetables,226.9,800,1800,1300,2024-04-05,True,True,1000,0.1744043043812452
Local,Vegetables,230.0,600,1200,900,2024-10-06,True,True,600,0.25527192008879024
Local,Vegetables,241.4,1400,6000,3700,2024-01-21,True,True,4600,0.06522561469873008
Local,Vegetables,241.8,400,1200,800,2025-01-29,True,True,800,0.30187265917602996
Local,Vegetables,249.5,6000,15000,10500,2025-08-23,True,True,9000,0.023759641938862965
Local,Vegetables,302.4,700,2500,1600,2024-01-05,True,True,1800,0.18888194878201123
Local,Vegetables,389.8,500,1500,1000,2025-12-02,True,True,1000,0.3894105894105894
Local,Vegetables,154.0,1000,3000,2000,2024-04-24,True,True,2000,0.0769615192403798
Local,Vegetables,155.1,700,1200,950,2024-07-04,True,True,500,0.16309148264984227
Local,Vegetables,157.5,2000,5000,3500,2024-09-24,True,True,3000,0.04498714652956298
Local,Vegetables,176.6,600,1200,900,2024-09-09,True,True,600,0.19600443951165372
Local,Vegetables,184.7,600,2000,1300,2024-03-05,True,True,1400,0.14196771714066103
Local,Vegetables,192.9,800,1400,1100,2024-01-02,True,True,600,0.17520435967302453
Local,Vegetables,200.6,500,1400,950,2025-10-14,True,True,900,0.2109358569926393
Local,Vegetables,200.9,1000,4000,2500,2024-12-25,True,True,3000,0.08032786885245902
Local,Vegetables,207.8,1000,2500,1750,2024-10-15,True,True,1500,0.11867504283266705
Local,Vegetables,210.3,1000,4000,2500,2024-12-22,True,True,3000,0.08408636545381848
Local,Vegetables,236.0,1000,2500,1750,2024-03-26,True,True,1500,0.13478012564249
Local,Vegetables,237.4,600,1400,1000,2024-10-13,True,True,800,0.23716283716283718
Local,Vegetables,249.8,1500,5000,3250,2024-08-02,True,True,3500,0.07683789603199016
Local,Vegetables,254.9,1000,2500,1750,2024-04-14,True,True,1500,0.14557395773843518
Local,Vegetables,261.0,500,1200,850,2024-10-20,True,True,700,0.30669800235017625
Local,Vegetables,273.0,1000,5000,3000,2024-05-26,True,True,4000,0.09096967677440854
Local,Vegetables,277.3,1000,1800,1400,2024-02-09,True,True,800,0.1979300499643112
Local,Vegetables,332.1,400,1200,800,2025-05-31,True,True,800,0.41460674157303373
Local,Vegetables,22.2,600,1600,1100,2024-03-04,True,True,1000,0.020163487738419618
Local,Vegetables,131.2,700,1200,950,2024-10-31,True,True,500,0.1379600420609884
Local,Vegetables,139.1,1000,2500,1750,2024-06-25,True,True,1500,0.07944031981724728
Local,Vegetables,159.9,1300,4000,2650,2024-07-03,True,True,2700,0.060316861561674845
Local,Vegetables,161.5,1500,5000,3250,2024-12-19,True,True,3500,0.04967702245462934
Local,Vegetables,162.1,600,2200,1400,2024-07-23,True,True,1600,0.11570306923625981
Local,Vegetables,167.6,1500,6000,3750,2024-11-13,True,True,4500,0.04468141828845641
Local,Vegetables,175.5,1000,2500,1750,2024-01-08,True,True,1500,0.10022844089091948
Local,Vegetables,184.9,600,1500,1050,2025-08-27,True,True,900,0.17592768791627023
Local,Vegetables,191.5,600,2000,1300,2024-06-04,True,True,1400,0.14719446579554188
Local,Vegetables,197.1,1000,4000,2500,2024-02-06,True,True,3000,0.07880847660935625
Local,Vegetables,207.8,400,1000,700,2025-03-22,True,True,600,0.2964336661911555
Local,Vegetables,211.5,600,1600,1100,2024-01-27,True,True,1000,0.19209809264305178
Local,Vegetables,222.0,600,1400,900,2025-08-09,True,True,800,0.24639289678135406
Local,Vegetables,240.2,600,2200,1400,2024-08-29,True,True,1600,0.17144896502498214
Local,Vegetables,241.4,600,2500,1550,2024-12-06,True,True,1900,0.1556415215989684
Local,Vegetables,258.3,1000,3000,2000,2024-11-24,True,True,2000,0.12908545727136433
Local,Vegetables,261.2,1000,2500,1750,2024-05-14,True,True,1500,0.1491719017704169
Local,Vegetables,323.3,600,1600,1100,2024-11-11,True,True,1000,0.29364214350590373
Local,Vegetables,128.0,1000,2500,1750,2024-04-29,True,True,1500,0.07310108509423187
Local,Vegetables,147.7,600,1200,900,2024-10-11,True,True,600,0.1639289678135405
Local,Vegetables,155.3,1000,4500,2750,2024-02-17,True,True,3500,0.056452199200290806
Local,Vegetables,159.3,700,1200,950,2025-01-22,True,True,500,0.16750788643533124
Local,Vegetables,167.7,500,1200,850,2025-06-24,True,True,700,0.1970622796709753
Local,Vegetables,171.9,1000,4500,2750,2024-09-05,True,True,3500,0.06248636859323883
Local,Vegetables,178.1,600,2000,1300,2024-03-21,True,True,1400,0.13689469638739432
Local,Vegetables,184.4,600,1400,1000,2024-12-05,True,True,800,0.18421578421578422
Local,Vegetables,224.3,1000,3000,2000,2024-09-22,True,True,2000,0.11209395302348826
Local,Vegetables,239.0,1000,3500,2250,2024-09-15,True,True,2500,0.1061750333185251
Local,Vegetables,274.6,600,2200,1400,2024-08-19,True,True,1600,0.19600285510349752
Local,Vegetables,103.1,1000,3000,2000,2024-02-26,True,True,2000,0.05152423788105947
Local,Vegetables,108.1,600,1200,900,2025-11-28,True,True,600,0.11997780244173141
Local,Vegetables,139.9,1000,3500,2250,2024-11-25,True,True,2500,0.06215015548645047
Local,Vegetables,160.9,1000,2500,1750,2024-04-03,True,True,1500,0.09189034837235865
Local,Vegetables,164.5,600,1400,1000,2024-06-11,True,True,800,0.16433566433566432
Local,Vegetables,166.0,1000,3000,2000,2024-02-13,True,True,2000,0.08295852073963018
Local,Vegetables,175.5,500,1200,850,2025-09-02,True,True,700,0.20622796709753233
Local,Vegetables,176.9,600,1600,1100,2024-06-21,True,True,1000,0.16067211625794733
Local,Vegetables,189.8,2000,5500,3750,2024-07-16,True,True,3500,0.050599840042655296
Local,Vegetables,191.8,2500,5500,4000,2024-06-02,True,True,3000,0.047938015496125974
Local,Vegetables,202.8,1000,2500,1750,2024-05-03,True,True,1500,0.11581953169617362
Local,Vegetables,235.8,600,1300,950,2024-07-14,True,True,700,0.24794952681388013
Local,Vegetables,238.8,1500,6000,3750,2024-05-19,True,True,4500,0.06366302319381499
Local,Vegetables,252.0,500,1200,850,2024-06-16,True,True,700,0.29612220916568743
Local,Vegetables,285.1,1500,4000,2750,2024-04-28,True,True,2500,0.10363504180298075
Local,Vegetables,286.6,500,1200,850,2024-06-23,True,True,700,0.336780258519389
Local,Vegetables,321.1,2000,5000,3500,2024-06-07,True,True,3000,0.09171665238503285
Local,Vegetables,105.3,1000,4000,2500,2024-11-27,True,True,3000,0.0421031587365054
Local,Vegetables,119.5,1000,3000,2000,2024-09-26,True,True,2000,0.059720139930034985
Local,Vegetables,125.0,1000,3500,2250,2024-07-02,True,True,2500,0.05553087516659263
Local,Vegetables,151.0,1500,5000,3250,2024-05-06,True,True,3500,0.046447247000922794
Local,Vegetables,162.3,600,1200,900,2024-04-04,True,True,600,0.18013318534961156
Local,Vegetables,205.0,600,1200,900,2024-02-07,True,True,600,0.22752497225305215
Local,Vegetables,205.5,400,1200,800,2025-10-25,True,True,800,0.2565543071161049
Local,Vegetables,221.2,1000,4000,2500,2024-02-20,True,True,3000,0.08844462215113955
Local,Vegetables,229.0,600,1200,900,2025-01-03,True,True,600,0.2541620421753607
Local,Vegetables,231.9,600,1500,1050,2025-02-04,True,True,900,0.22064700285442437
Local,Vegetables,242.2,700,1200,950,2025-02-23,True,True,500,0.25467928496319664
Local,Vegetables,273.6,400,1200,800,2025-08-25,True,True,800,0.3415730337078652
Local,Vegetables,282.4,600,1400,1000,2025-07-21,True,True,800,0.2821178821178821
Local,Vegetables,284.5,2000,6500,4250,2024-05-05,True,True,4500,0.0669254293107504
Local,Vegetables,307.4,800,1400,1100,2024-12-29,True,True,600,0.2792007266121707
Local,Vegetables,348.7,500,1200,850,2024-10-03,True,True,700,0.4097532314923619
Local,Vegetables,134.2,1500,5000,3250,2024-11-01,True,True,3500,0.0412796062749923
Local,Vegetables,145.3,1400,3000,2200,2024-11-26,True,True,1600,0.0660154475238528
Local,Vegetables,160.2,1000,3000,2000,2024-12-16,True,True,2000,0.0800599700149925
Local,Vegetables,171.5,600,2000,1300,2024-04-02,True,True,1400,0.13182167563412758
Local,Vegetables,188.6,600,1200,900,2024-02-21,True,True,600,0.20932297447280798
Local,Vegetables,188.7,400,1200,800,2025-03-28,True,True,800,0.23558052434456928
Local,Vegetables,200.0,600,1400,1000,2024-07-25,True,True,800,0.1998001998001998
Local,Vegetables,200.0,1500,5000,3250,2024-11-14,True,True,3500,0.061519532451553366
Local,Vegetables,201.0,600,2000,1300,2024-12-17,True,True,1400,0.15449654112221367
Local,Vegetables,210.9,600,1600,1100,2024-10-22,True,True,1000,0.19155313351498637
Local,Vegetables,218.7,1000,4000,2500,2024-05-24,True,True,3000,0.08744502199120352
Local,Vegetables,220.5,800,1700,1250,2024-01-09,True,True,900,0.17625899280575538
Local,Vegetables,221.3,500,1200,850,2025-11-07,True,True,700,0.2600470035252644
Local,Vegetables,239.3,1000,2000,1500,2024-05-16,True,True,1000,0.15942704863424384
Local,Vegetables,260.1,400,1400,900,2024-07-07,True,True,1000,0.2886792452830189
Local,Vegetables,274.0,1200,5500,3350,2024-03-24,True,True,4300,0.0817666368248284
Local,Vegetables,323.2,800,1400,1100,2024-07-01,True,True,600,0.2935513169845595
Local,Vegetables,108.6,1000,4500,2750,2024-09-16,True,True,3500,0.039476553980370775
Local,Vegetables,134.2,1000,2500,1750,2024-01-13,True,True,1500,0.07664191890348372
Local,Vegetables,142.9,600,1200,900,2025-01-01,True,True,600,0.1586015538290788
Local,Vegetables,142.9,600,1500,1050,2025-07-10,True,True,900,0.13596574690770696
Local,Vegetables,147.0,1500,4500,3000,2024-04-15,True,True,3000,0.048983672109296904
Local,Vegetables,174.5,500,1200,850,2024-07-11,True,True,700,0.20505287896592245
Local,Vegetables,193.2,2000,5000,3500,2024-01-07,True,True,3000,0.05518423307626392
Local,Vegetables,193.8,600,1400,1000,2025-03-20,True,True,800,0.19360639360639362
Local,Vegetables,194.1,600,1500,1050,2024-04-25,True,True,900,0.18468125594671742
Local,Vegetables,224.3,700,1400,1050,2024-03-01,True,True,700,0.21341579448144626
Local,Vegetables,229.0,1000,2000,1500,2024-03-19,True,True,1000,0.1525649566955363
Local,Vegetables,240.3,600,1500,1050,2024-04-26,True,True,900,0.22863939105613704
Local,Vegetables,248.9,600,1200,900,2024-03-10,True,True,600,0.2762486126526082
Local,Vegetables,296.6,800,1800,1300,2024-07-30,True,True,1000,0.22797847809377403
Local,Vegetables,300.8,1000,3000,2000,2024-11-03,True,True,2000,0.1503248375812094
Local,Vegetables,322.3,1000,2500,1750,2024-10-30,True,True,1500,0.18406624785836664
Local,Vegetables,112.5,600,2500,1550,2024-09-11,True,True,1900,0.0725338491295938
Local,Vegetables,143.3,600,2000,1300,2024-07-18,True,True,1400,0.11014604150653344
Local,Vegetables,154.8,2000,7000,4500,2024-03-13,True,True,5000,0.03439235725394357
Local,Vegetables,169.1,1000,1600,1300,2024-08-07,True,True,600,0.12997694081475789
Local,Vegetables,169.3,600,2500,1550,2024-05-21,True,True,1900,0.10915538362346874
Local,Vegetables,169.5,700,1500,1100,2024-04-22,True,True,800,0.1539509536784741
Local,Vegetables,192.2,800,1600,1200,2024-05-17,True,True,800,0.16003330557868442
Local,Vegetables,193.3,400,1200,800,2024-09-20,True,True,800,0.24132334581772785
Local,Vegetables,198.7,1200,3000,2100,2024-09-04,True,True,1800,0.0945740123750595
Local,Vegetables,208.0,600,1600,1100,2024-02-25,True,True,1000,0.18891916439600362
Local,Vegetables,208.3,500,1200,850,2025-12-12,True,True,700,0.24477085781433608
Local,Vegetables,225.4,600,2000,1300,2024-05-02,True,True,1400,0.17325134511913912
Local,Vegetables,226.7,600,1500,1050,2024-11-22,True,True,900,0.21569933396764984
Local,Vegetables,244.8,800,2500,1650,2024-03-17,True,True,1700,0.14827377347062387
Local,Vegetables,258.8,1000,1600,1300,2024-01-31,True,True,600,0.198923904688701
Local,Vegetables,265.4,600,1200,900,2025-11-17,True,True,600,0.2945615982241953
Local,Vegetables,271.8,1000,2000,1500,2024-02-27,True,True,1000,0.18107928047968022
Local,Vegetables,290.0,1000,2000,1500,2024-06-09,True,True,1000,0.1932045303131246
Local,Vegetables,330.6,1000,4000,2500,2024-05-12,True,True,3000,0.13218712514994002
Local,Vegetables,342.7,600,1600,1100,2024-05-22,True,True,1000,0.3112624886466848
Local,Vegetables,105.4,1000,2000,1500,2024-09-30,True,True,1000,0.07021985343104598
Local,Vegetables,111.7,2000,5000,3500,2024-07-24,True,True,3000,0.03190516995144244
Local,Vegetables,133.7,1500,6000,3750,2024-04-09,True,True,4500,0.03564382831245001
Local,Vegetables,137.5,500,1200,850,2024-06-19,True,True,700,0.16157461809635723
Local,Vegetables,141.7,1500,4500,3000,2024-03-08,True,True,3000,0.047217594135288234
Local,Vegetables,155.4,800,1600,1200,2024-01-06,True,True,800,0.12939217318900917
Local,Vegetables,156.0,500,2000,1250,2025-06-05,True,True,1500,0.12470023980815348
Local,Vegetables,175.0,1500,3500,2500,2024-05-27,True,True,2000,0.0699720111955218
Local,Vegetables,180.6,1000,2500,1750,2024-03-11,True,True,1500,0.10314106225014277
Local,Vegetables,191.5,1000,1800,1400,2024-03-29,True,True,800,0.13668807994289792
Local,Vegetables,216.7,600,1200,900,2024-08-06,True,True,600,0.24051054384017756
Local,Vegetables,224.2,1000,2000,1500,2024-12-10,True,True,1000,0.14936708860759493
Local,Vegetables,236.4,600,2000,1300,2024-02-29,True,True,1400,0.181706379707917
Local,Vegetables,237.0,1000,2000,1500,2024-06-30,True,True,1000,0.15789473684210525
Local,Vegetables,244.9,1500,4500,3000,2024-12-31,True,True,3000,0.08160613128957014
Local,Vegetables,274.5,500,1200,850,2024-02-16,True,True,700,0.3225616921269095
Local,Vegetables,275.3,500,1200,850,2025-08-22,True,True,700,0.32350176263219743
Local,Vegetables,279.8,1000,2500,1750,2024-07-28,True,True,1500,0.15979440319817248
Local,Vegetables,284.3,1500,4500,3000,2024-09-29,True,True,3000,0.0947350883038987
Local,Vegetables,285.0,1000,4500,2750,2024-09-08,True,True,3500,0.10359869138495092
Local,Vegetables,313.8,1000,2500,1750,2024-08-04,True,True,1500,0.1792118789263278
Local,Vegetables,322.3,800,2500,1650,2024-08-16,True,True,1700,0.19521502119927317
Local,Vegetables,330.7,600,2000,1300,2024-09-01,True,True,1400,0.2541890853189854
Local,Vegetables,334.3,600,1800,1200,2024-03-03,True,True,1200,0.27835137385512077
Local,Vegetables,400.6,800,1500,1150,2024-12-18,True,True,700,0.34804517810599483
Local,Vegetables,106.6,800,2000,1400,2024-05-20,True,True,1200,0.07608850820842256
Local,Vegetables,147.3,600,1500,1000,2024-07-09,True,True,900,0.14715284715284715
Local,Vegetables,175.1,1500,4500,3000,2024-08-13,True,True,3000,0.05834721759413529
Local,Vegetables,187.0,1000,2000,1500,2024-06-10,True,True,1000,0.1245836109260493
Local,Vegetables,192.7,1000,3000,2000,2024-07-12,True,True,2000,0.09630184907546226
Local,Vegetables,196.4,2000,5500,3750,2024-08-26,True,True,3500,0.05235937083444415
Local,Vegetables,199.3,600,2200,1400,2024-03-07,True,True,1600,0.1422555317630264
Local,Vegetables,199.6,600,1600,1100,2024-02-05,True,True,1000,0.1812897366030881
Local,Vegetables,205.8,600,1200,900,2025-12-09,True,True,600,0.2284128745837958
Local,Vegetables,216.8,600,3000,1800,2024-02-14,True,True,2400,0.12037756801776792
Local,Vegetables,219.1,400,1000,700,2025-01-15,True,True,600,0.31255349500713264
Local,Vegetables,231.6,600,1400,1000,2025-06-28,True,True,800,0.23136863136863137
Local,Vegetables,246.1,1000,3500,2250,2024-11-19,True,True,2500,0.10932918702798756
Local,Vegetables,276.2,800,2500,1650,2024-04-07,True,True,1700,0.16729254996971532
Local,Vegetables,320.1,600,1200,900,2024-12-15,True,True,600,0.35527192008879027
Local,Vegetables,331.9,600,2000,1300,2024-10-27,True,True,1400,0.25511145272867025
Sharbati,Cereals,40.7,4000,5000,4500,2024-12-28,True,True,1000,0.009042435014441236
Sharbati,Cereals,42.1,4000,5000,4500,2024-12-05,True,True,1000,0.009353477005109976
Sharbati,Cereals,41.1,4000,5000,4500,2024-12-16,True,True,1000,0.009131304154632305
Sharbati,Cereals,40.5,4000,4900,4450,2024-12-20,True,True,900,0.009099078858683442
Sharbati,Cereals,41.0,4500,5500,5000,2024-04-24,True,True,1000,0.008198360327934412
Sharbati,Cereals,40.3,4000,4900,4450,2024-12-23,True,True,900,0.00905414513592451
Sharbati,Cereals,41.5,3800,4900,4350,2024-12-11,True,True,1100,0.009538037232820042
Sharbati,Cereals,41.5,4200,5200,4700,2024-04-15,True,True,1000,0.008827908955541374
Sharbati,Cereals,40.2,4000,4800,4400,2025-01-07,True,True,800,0.009134287661895025
Sharbati,Cereals,40.4,4000,5000,4500,2025-01-06,True,True,1000,0.008975783159297934
Sharbati,Cereals,40.9,4000,5000,4500,2024-12-24,True,True,1000,0.009086869584536769
Sharbati,Cereals,41.1,4200,5200,4700,2024-04-22,True,True,1000,0.008742820676451818
Sharbati,Cereals,40.8,4000,4800,4400,2025-01-02,True,True,800,0.009270620313565098
Sharbati,Cereals,41.7,4000,5000,4500,2024-04-13,True,True,1000,0.009264607864918907
Sharbati,Cereals,41.2,4200,5200,4700,2024-04-19,True,True,1000,0.008764092746224209
Sharbati,Cereals,41.2,4000,5000,4500,2024-12-19,True,True,1000,0.009153521439680071
Sharbati,Cereals,41.0,4000,5000,4500,2025-01-01,True,True,1000,0.009109086869584537
Sharbati,Cereals,257.4,3200,4400,3800,2024-08-09,True,True,1200,0.06771902131018152
Sharbati,Cereals,40.6,4000,4900,4450,2025-01-13,True,True,900,0.009121545720062907
Sharbati,Cereals,42.4,4000,5000,4500,2024-12-03,True,True,1000,0.009420128860253276
Sharbati,Cereals,40.4,4000,4900,4450,2025-01-08,True,True,900,0.009076611997303976
Sharbati,Cereals,39.9,4000,4700,4350,2025-01-10,True,True,700,0.009170305676855894
Sharbati,Cereals,40.2,4000,4800,4400,2025-01-09,True,True,800,0.009134287661895025
Sharbati,Cereals,41.7,3800,5000,4400,2024-12-10,True,True,1200,0.009475119291070212
Sharbati,Cereals,41.1,4000,4800,4400,2024-12-12,True,True,800,0.009338786639400137
Sharbati,Cereals,40.4,4000,5000,4500,2025-01-03,True,True,1000,0.008975783159297934
Sharbati,Cereals,41.4,4000,5000,4500,2024-12-13,True,True,1000,0.009197956009775606
Sharbati,Cereals,40.1,4000,4800,4400,2025-01-04,True,True,800,0.009111565553283345
Sharbati,Cereals,42.0,4000,5000,4500,2024-12-09,True,True,1000,0.00933125972006221
Sharbati,Cereals,40.9,4000,5000,4500,2024-12-17,True,True,1000,0.009086869584536769
Sharbati,Cereals,40.7,4000,5000,4500,2025-01-11,True,True,1000,0.009042435014441236
Sharbati,Cereals,40.7,4000,4900,4450,2024-12-18,True,True,900,0.009144012581442373
Sharbati,Cereals,41.5,3200,4000,3600,2024-06-07,True,True,800,0.011524576506525965
Other,Vegetables,0.6,1400,1700,1550,2024-09-25,True,True,300,0.00038684719535783365
Other,Vegetables,12.9,3000,8000,5500,2024-12-15,True,True,5000,0.0023450281766951462
Other,Vegetables,24.7,1000,2500,1750,2024-09-26,True,True,1500,0.014106225014277555
Other,Vegetables,25.4,1000,4000,2500,2024-11-05,True,True,3000,0.010155937624950019
Other,Vegetables,26.1,1000,4000,2500,2024-11-04,True,True,3000,0.010435825669732108
Other,Vegetables,26.4,1000,3500,2250,2024-10-31,True,True,2500,0.011728120835184363
Other,Vegetables,28.1,1000,2500,1750,2024-09-03,True,True,1500,0.01604797258709309
Other,Vegetables,28.1,1000,4000,2500,2024-11-06,True,True,3000,0.011235505797680928
Other,Vegetables,28.8,1000,3000,2000,2024-10-28,True,True,2000,0.0143928035982009
Other,Vegetables,30.1,1000,2000,1500,2024-08-19,True,True,1000,0.02005329780146569
Other,Vegetables,30.1,1000,2500,1750,2024-05-07,True,True,1500,0.017190177041690465
Other,Vegetables,30.1,1000,3000,2000,2024-10-21,True,True,2000,0.01504247876061969
Other,Vegetables,30.6,1000,3500,2250,2024-10-30,True,True,2500,0.013593958240781875
Other,Vegetables,31.6,1200,2200,1700,2024-07-09,True,True,1000,0.018577307466196357
Other,Vegetables,31.9,1000,3500,2250,2024-10-24,True,True,2500,0.014171479342514438
Other,Vegetables,32.5,1000,3000,2000,2024-09-09,True,True,2000,0.016241879060469765
Other,Vegetables,33.6,1000,4000,2500,2024-11-11,True,True,3000,0.013434626149540184
Other,Vegetables,34.3,1500,5000,3250,2024-11-15,True,True,3500,0.010550599815441401
Other,Vegetables,35.5,1000,2500,1750,2024-08-27,True,True,1500,0.02027412906910337
Other,Vegetables,35.6,1000,2000,1500,2024-08-21,True,True,1000,0.023717521652231847
Other,Vegetables,35.6,1000,5000,3000,2024-11-18,True,True,4000,0.011862712429190271
Other,Vegetables,35.8,1000,2000,1500,2024-10-29,True,True,1000,0.023850766155896066
Other,Vegetables,36.0,1000,2500,1750,2024-10-07,True,True,1500,0.020559680182752713
Other,Vegetables,36.4,1000,4000,2500,2024-10-03,True,True,3000,0.014554178328668533
Other,Vegetables,36.5,1000,3500,2250,2024-10-22,True,True,2500,0.016215015548645045
Other,Vegetables,36.5,1000,4000,2500,2024-11-14,True,True,3000,0.014594162335065974
Other,Vegetables,37.7,1000,2500,1750,2024-06-10,True,True,1500,0.021530553969160482
Other,Vegetables,38.4,1000,2200,1600,2024-07-10,True,True,1200,0.023985009369144283
Other,Vegetables,38.5,1000,3000,2000,2024-10-16,True,True,2000,0.01924037981009495
Other,Vegetables,38.6,1000,2500,1750,2024-05-16,True,True,1500,0.022044545973729297
Other,Vegetables,38.8,1000,2500,1750,2024-05-21,True,True,1500,0.022158766419189034
Other,Vegetables,38.9,1000,2500,1750,2024-06-04,True,True,1500,0.022215876641918902
Other,Vegetables,39.0,1000,2200,1600,2024-05-08,True,True,1200,0.024359775140537165
Other,Vegetables,39.2,1000,4000,2500,2024-11-03,True,True,3000,0.01567373050779688
Other,Vegetables,39.4,1500,4000,2750,2024-11-13,True,True,2500,0.014322064703744093
Other,Vegetables,39.5,1000,5000,3000,2024-11-07,True,True,4000,0.013162279240253249
Other,Vegetables,39.7,1000,2500,1750,2024-07-29,True,True,1500,0.022672758423757853
Other,Vegetables,40.0,500,3000,1750,2024-10-09,True,True,2500,0.022844089091947458
Other,Vegetables,40.2,1000,3000,2000,2024-06-26,True,True,2000,0.020089955022488757
Other,Vegetables,40.2,1000,3200,2100,2024-05-20,True,True,2200,0.019133745835316518
Other,Vegetables,40.3,1000,2500,1750,2024-06-24,True,True,1500,0.023015419760137063
Other,Vegetables,41.7,1000,2500,1750,2024-08-26,True,True,1500,0.023814962878355227
Other,Vegetables,42.2,1000,2500,1750,2024-05-15,True,True,1500,0.02410051399200457
Other,Vegetables,42.6,1000,2200,1600,2024-05-30,True,True,1200,0.02660836976889444
Other,Vegetables,42.9,500,2200,1350,2024-07-18,True,True,1700,0.03175425610658771
Other,Vegetables,43.0,1500,5500,3500,2024-11-21,True,True,4000,0.01228220508426164
Other,Vegetables,43.1,1000,2500,1750,2024-06-06,True,True,1500,0.024614505996573388
Other,Vegetables,43.2,1000,2200,1600,2024-04-25,True,True,1200,0.026983135540287324
Other,Vegetables,43.3,1000,3000,2000,2024-10-17,True,True,2000,0.0216391804097951
Other,Vegetables,43.4,1000,2600,1800,2024-09-12,True,True,1600,0.024097723486951692
Other,Vegetables,43.4,1000,3000,2000,2024-09-30,True,True,2000,0.021689155422288855
Other,Vegetables,44.0,1400,3500,2450,2024-11-01,True,True,2100,0.01795185638514892
Other,Vegetables,44.4,1000,2000,1500,2024-07-23,True,True,1000,0.029580279813457695
Other,Vegetables,44.5,1000,2500,1750,2024-05-29,True,True,1500,0.02541404911479155
Other,Vegetables,44.6,1000,2500,1750,2024-07-01,True,True,1500,0.025471159337521417
Other,Vegetables,45.0,1000,2000,1500,2024-05-23,True,True,1000,0.029980013324450366
Other,Vegetables,45.6,1000,4000,2500,2024-11-12,True,True,3000,0.018232706917233107
Other,Vegetables,45.8,1000,2200,1600,2024-06-03,True,True,1200,0.028607120549656462
Other,Vegetables,46.0,1000,2500,1750,2024-06-17,True,True,1500,0.026270702455739578
Other,Vegetables,46.4,1000,2200,1600,2024-08-05,True,True,1200,0.02898188632104934
Other,Vegetables,46.5,1000,2200,1600,2024-07-17,True,True,1200,0.029044347282948156
Other,Vegetables,46.6,1000,2200,1600,2024-04-24,True,True,1200,0.02910680824484697
Other,Vegetables,46.8,1000,2500,1750,2024-06-19,True,True,1500,0.026727584237578525
Other,Vegetables,46.9,1000,2500,1750,2024-06-12,True,True,1500,0.026784694460308393
Other,Vegetables,47.0,1000,2500,1750,2024-04-29,True,True,1500,0.026841804683038265
Other,Vegetables,47.9,1000,2200,1600,2024-06-11,True,True,1200,0.029918800749531543
Other,Vegetables,47.9,1000,3500,2250,2024-10-11,True,True,2500,0.021279431363838294
Other,Vegetables,48.0,1000,2200,1600,2024-08-06,True,True,1200,0.029981261711430358
Other,Vegetables,48.4,1000,3500,2250,2024-10-14,True,True,2500,0.021501554864504665
Other,Vegetables,48.6,1000,3000,2000,2024-06-20,True,True,2000,0.024287856071964018
Other,Vegetables,49.1,1000,2500,1750,2024-05-22,True,True,1500,0.028041119360365505
Other,Vegetables,49.1,1000,3500,2250,2024-10-10,True,True,2500,0.021812527765437583
Other,Vegetables,49.1,1000,3500,2250,2024-10-23,True,True,2500,0.021812527765437583
Other,Vegetables,49.7,1000,3000,2000,2024-10-04,True,True,2000,0.024837581209395304
Other,Vegetables,49.8,1000,2000,1500,2024-09-11,True,True,1000,0.03317788141239174
Other,Vegetables,49.9,1000,3000,2000,2024-09-23,True,True,2000,0.024937531234382807
Other,Vegetables,50.0,1000,3000,2000,2024-10-02,True,True,2000,0.02498750624687656
Other,Vegetables,50.1,800,2000,1400,2024-03-27,True,True,1200,0.03576017130620985
Other,Vegetables,50.1,1000,6000,3500,2024-11-22,True,True,5000,0.0143101970865467
Other,Vegetables,50.2,1000,2000,1500,2024-09-24,True,True,1000,0.03344437041972019
Other,Vegetables,50.6,1000,2000,1500,2024-07-03,True,True,1000,0.033710859427048635
Other,Vegetables,50.6,1000,2000,1500,2024-07-16,True,True,1000,0.033710859427048635
Other,Vegetables,50.6,1000,2500,1750,2024-09-16,True,True,1500,0.028897772701313537
Other,Vegetables,51.0,1000,2200,1600,2024-05-06,True,True,1200,0.03185509056839475
Other,Vegetables,51.1,1000,2200,1600,2024-05-09,True,True,1200,0.03191755153029357
Other,Vegetables,51.1,1500,5000,3250,2024-11-19,True,True,3500,0.015718240541371886
Other,Vegetables,51.5,1000,3000,2000,2024-10-15,True,True,2000,0.02573713143428286
Other,Vegetables,51.6,1000,2500,1750,2024-09-10,True,True,1500,0.02946887492861222
Other,Vegetables,52.1,1000,2200,1600,2024-05-27,True,True,1200,0.0325421611492817
Other,Vegetables,52.1,1000,5500,3250,2024-11-17,True,True,4500,0.016025838203629652
Other,Vegetables,52.5,1000,2000,1500,2024-04-15,True,True,1000,0.03497668221185876
Other,Vegetables,52.6,1000,3000,2000,2024-10-01,True,True,2000,0.026286856571714142
Other,Vegetables,52.7,1000,3000,2000,2024-09-02,True,True,2000,0.0263368315842079
Other,Vegetables,53.5,1000,2000,1500,2024-07-24,True,True,1000,0.03564290473017988
Other,Vegetables,53.6,1000,2200,1600,2024-07-15,True,True,1200,0.033479075577763896
Other,Vegetables,53.6,1000,2200,1600,2024-05-28,True,True,1200,0.033479075577763896
Other,Vegetables,54.0,1000,2500,1750,2024-09-27,True,True,1500,0.03083952027412907
Other,Vegetables,54.7,600,2000,1300,2024-04-03,True,True,1400,0.0420445810914681
Other,Vegetables,54.9,1000,3000,2000,2024-10-18,True,True,2000,0.027436281859070464
Other,Vegetables,55.0,1000,2200,1600,2024-08-08,True,True,1200,0.034353529044347283
Other,Vegetables,55.0,1000,2500,1750,2024-05-05,True,True,1500,0.03141062250142775
Other,Vegetables,55.0,1000,2800,1900,2024-09-19,True,True,1800,0.028932140978432403
Other,Vegetables,55.1,1000,2500,1750,2024-10-13,True,True,1500,0.03146773272415763
Other,Vegetables,55.1,1000,3000,2000,2024-06-07,True,True,2000,0.02753623188405797
Other,Vegetables,55.4,1000,2000,1500,2024-04-22,True,True,1000,0.036908727514990004
Other,Vegetables,55.5,1000,2500,1750,2024-08-20,True,True,1500,0.0316961736150771
Other,Vegetables,55.7,1000,2200,1600,2024-06-13,True,True,1200,0.03479075577763898
Other,Vegetables,55.7,1000,2500,1750,2024-06-05,True,True,1500,0.03181039406053684
Other,Vegetables,55.8,600,3200,1900,2024-10-25,True,True,2600,0.029352972119936874
Other,Vegetables,56.1,1000,6000,3500,2024-11-26,True,True,5000,0.016023993144815767
Other,Vegetables,56.7,1000,2200,1600,2024-07-12,True,True,1200,0.03541536539662711
Other,Vegetables,56.9,1000,2000,1500,2024-07-22,True,True,1000,0.037908061292471686
Other,Vegetables,57.7,1000,2200,1600,2024-05-02,True,True,1200,0.03603997501561524
Other,Vegetables,57.8,800,2000,1400,2024-03-28,True,True,1200,0.04125624553890078
Other,Vegetables,58.0,1000,2500,1750,2024-06-18,True,True,1500,0.03312392918332382
Other,Vegetables,58.2,800,2200,1500,2024-07-08,True,True,1400,0.03877415056628914
Other,Vegetables,58.5,1000,3000,2000,2024-06-27,True,True,2000,0.02923538230884558
Other,Vegetables,58.8,1000,2200,1600,2024-08-13,True,True,1200,0.03672704559650219
Other,Vegetables,58.9,1200,2200,1700,2024-08-07,True,True,1000,0.034626690182245734
Other,Vegetables,59.2,1000,2000,1500,2024-04-16,True,True,1000,0.039440373084610264
Other,Vegetables,59.9,1000,2500,1750,2024-07-31,True,True,1500,0.03420902341519132
Other,Vegetables,60.1,1500,2000,1750,2024-08-29,True,True,500,0.03432324386065106
Other,Vegetables,60.3,1000,4000,2500,2024-11-08,True,True,3000,0.024110355857656935
Other,Vegetables,60.4,1000,6000,3500,2024-11-25,True,True,5000,0.01725221365324193
Other,Vegetables,60.5,1000,2500,1750,2024-09-05,True,True,1500,0.034551684751570534
Other,Vegetables,60.9,1000,2000,1500,2024-09-04,True,True,1000,0.040572951365756164
Other,Vegetables,61.0,1000,2000,1500,2024-08-01,True,True,1000,0.04063957361758828
Other,Vegetables,61.3,800,2000,1400,2024-04-08,True,True,1200,0.043754461099214846
Other,Vegetables,61.3,1000,2200,1600,2024-05-31,True,True,1200,0.038288569643972516
Other,Vegetables,61.3,1000,2500,1750,2024-08-14,True,True,1500,0.03500856653340948
Other,Vegetables,62.4,1000,3000,2000,2024-06-09,True,True,2000,0.03118440779610195
Other,Vegetables,62.6,1000,2500,1750,2024-06-25,True,True,1500,0.03575099942889777
Other,Vegetables,63.0,1000,2600,1800,2024-09-20,True,True,1600,0.03498056635202665
Other,Vegetables,63.3,1000,2200,1600,2024-05-14,True,True,1200,0.03953778888194878
Other,Vegetables,64.0,1000,4000,2500,2024-11-28,True,True,3000,0.025589764094362255
Other,Vegetables,64.1,1000,3000,2000,2024-10-20,True,True,2000,0.03203398300849575
Other,Vegetables,64.5,1000,2000,1500,2024-04-19,True,True,1000,0.04297135243171219
Other,Vegetables,64.7,800,2000,1400,2024-04-09,True,True,1200,0.04618129907209136
Other,Vegetables,65.1,1000,2200,1600,2024-05-10,True,True,1200,0.04066208619612742
Other,Vegetables,65.4,1000,2000,1500,2024-07-25,True,True,1000,0.0435709526982012
Other,Vegetables,65.4,1000,3000,2000,2024-11-10,True,True,2000,0.032683658170914544
Other,Vegetables,65.5,800,2000,1400,2024-04-01,True,True,1200,0.04675231977159172
Other,Vegetables,65.5,1000,2000,1500,2025-01-15,True,True,1000,0.043637574950033314
Other,Vegetables,65.5,1000,2000,1500,2025-02-26,True,True,1000,0.043637574950033314
Other,Vegetables,66.0,1000,2000,1500,2024-07-30,True,True,1000,0.04397068620919387
Other,Vegetables,66.2,1000,1800,1400,2024-07-26,True,True,800,0.04725196288365453
Other,Vegetables,66.3,1000,2000,1500,2024-07-04,True,True,1000,0.044170552964690205
Other,Vegetables,67.0,1000,2200,1600,2024-07-19,True,True,1200,0.04184884447220487
Other,Vegetables,67.0,1000,2500,1750,2024-08-12,True,True,1500,0.03826384922901199
Other,Vegetables,67.5,1000,2200,1600,2024-07-02,True,True,1200,0.04216114928169894
Other,Vegetables,67.6,1000,3000,2000,2024-06-28,True,True,2000,0.03378310844577711
Other,Vegetables,68.4,800,1600,1200,2024-04-04,True,True,800,0.056952539550374694
Other,Vegetables,68.4,1000,2000,1500,2024-06-02,True,True,1000,0.045569620253164564
Other,Vegetables,68.5,1000,3000,2000,2024-09-17,True,True,2000,0.03423288355822089
Other,Vegetables,68.8,500,2500,1500,2024-08-23,True,True,2000,0.045836109260493
Other,Vegetables,69.1,1000,2000,1500,2024-04-21,True,True,1000,0.046035976015989334
Other,Vegetables,69.3,1000,2200,1600,2024-07-05,True,True,1200,0.043285446595877575
Other,Vegetables,70.4,1000,3000,2000,2024-10-27,True,True,2000,0.0351824087956022
Other,Vegetables,70.5,1000,2000,1500,2024-08-02,True,True,1000,0.04696868754163891
Other,Vegetables,70.5,1000,5000,3000,2024-11-27,True,True,4000,0.0234921692769077
Other,Vegetables,70.6,1000,2200,1600,2024-05-03,True,True,1200,0.044097439100562144
Other,Vegetables,70.7,1000,2000,1500,2024-06-14,True,True,1000,0.047101932045303135
Other,Vegetables,70.8,1000,2500,1750,2024-05-17,True,True,1500,0.040434037692747
Other,Vegetables,71.3,1000,2200,1600,2024-04-26,True,True,1200,0.04453466583385384
Other,Vegetables,71.6,1000,2500,1750,2024-08-22,True,True,1500,0.040890919474585945
Other,Vegetables,72.2,1000,2000,1500,2024-05-24,True,True,1000,0.04810126582278481
Other,Vegetables,72.6,1600,3000,2300,2024-06-30,True,True,1400,0.03155149934810952
Other,Vegetables,72.7,1000,2200,1600,2024-08-09,True,True,1200,0.04540911930043723
Other,Vegetables,73.5,1000,2500,1750,2024-09-06,True,True,1500,0.04197601370645346
Other,Vegetables,73.5,1500,3200,2350,2024-10-06,True,True,1700,0.031263292216078264
Other,Vegetables,74.2,1000,2500,1750,2024-09-08,True,True,1500,0.042375785265562536
Other,Vegetables,74.8,1000,2500,1750,2025-02-05,True,True,1500,0.04271844660194175
Other,Vegetables,74.8,1000,3000,2000,2024-06-21,True,True,2000,0.03738130934532734
Other,Vegetables,74.9,600,2000,1300,2024-04-02,True,True,1400,0.05757109915449655
Other,Vegetables,75.0,1000,2500,1750,2024-09-13,True,True,1500,0.04283266704740148
Other,Vegetables,75.7,2500,6000,4250,2024-11-24,True,True,3500,0.017807574688308635
Other,Vegetables,76.5,1000,2200,1600,2024-07-11,True,True,1200,0.04778263585259213
Other,Vegetables,76.7,1000,2500,1750,2024-09-22,True,True,1500,0.04380354083380925
Other,Vegetables,77.1,500,2500,1500,2024-08-25,True,True,2000,0.05136575616255829
Other,Vegetables,77.2,1000,2500,1750,2024-05-26,True,True,1500,0.044089091947458595
Other,Vegetables,77.5,1000,2200,1600,2024-08-18,True,True,1200,0.04840724547158026
Other,Vegetables,78.0,1000,2200,1600,2024-04-28,True,True,1200,0.04871955028107433
Other,Vegetables,79.4,800,2000,1400,2024-04-14,True,True,1200,0.05667380442541042
Other,Vegetables,79.5,1500,4000,2750,2024-12-02,True,True,2500,0.028898582333696837
Other,Vegetables,79.6,400,2000,1200,2024-07-07,True,True,1600,0.06627810158201498
Other,Vegetables,80.0,1000,2500,1750,2024-08-11,True,True,1500,0.045688178183894916
Other,Vegetables,80.3,800,1500,1150,2024-03-07,True,True,700,0.06976542137271938
Other,Vegetables,80.6,1000,2200,1600,2024-07-21,True,True,1200,0.05034353529044347
Other,Vegetables,80.9,1000,3000,2000,2024-09-15,True,True,2000,0.04042978510744628
Other,Vegetables,81.0,1000,2200,1600,2024-05-12,True,True,1200,0.05059337913803873
Other,Vegetables,82.4,800,2000,1400,2024-03-20,True,True,1200,0.058815132048536764
Other,Vegetables,83.4,800,2500,1650,2024-08-28,True,True,1700,0.05051483949121745
Other,Vegetables,84.0,800,2000,1400,2024-03-21,True,True,1200,0.059957173447537475
Other,Vegetables,84.3,1000,3000,2000,2024-09-01,True,True,2000,0.04212893553223388
Other,Vegetables,84.4,1000,3000,2000,2024-06-23,True,True,2000,0.04217891054472764
Other,Vegetables,84.8,1000,3000,2000,2024-08-30,True,True,2000,0.042378810594702644
Other,Vegetables,85.1,800,2000,1400,2024-04-05,True,True,1200,0.06074232690935046
Other,Vegetables,86.0,1000,2000,1500,2024-08-16,True,True,1000,0.05729513657561625
Other,Vegetables,87.9,1000,2500,1750,2024-08-04,True,True,1500,0.050199885779554546
Other,Vegetables,88.1,1000,2000,1500,2024-03-11,True,True,1000,0.058694203864090605
Other,Vegetables,89.0,1400,3000,2200,2024-12-16,True,True,1600,0.040436165379373015
Other,Vegetables,89.4,1000,2500,1750,2024-05-19,True,True,1500,0.05105653912050257
Other,Vegetables,89.4,1000,2500,1750,2024-07-28,True,True,1500,0.05105653912050257
Other,Vegetables,91.4,1000,2000,1500,2024-07-14,True,True,1000,0.06089273817455031
Other,Vegetables,92.7,800,2000,1400,2024-03-04,True,True,1200,0.06616702355460385
Other,Vegetables,92.7,800,2000,1400,2024-03-29,True,True,1200,0.06616702355460385
Other,Vegetables,92.8,1000,2500,1750,2024-06-16,True,True,1500,0.0529982866933181
Other,Vegetables,96.0,1000,2000,1500,2024-04-07,True,True,1000,0.06395736175882745
Other,Vegetables,97.1,800,2000,1400,2024-03-18,True,True,1200,0.06930763740185582
Other,Vegetables,98.0,1000,4000,2500,2024-12-04,True,True,3000,0.039184326269492205
Other,Vegetables,98.8,800,2000,1400,2024-03-22,True,True,1200,0.07052105638829408
Other,Vegetables,100.2,800,2000,1400,2024-03-26,True,True,1200,0.0715203426124197
Other,Vegetables,101.6,600,2000,1300,2024-03-19,True,True,1400,0.07809377401998463
Other,Vegetables,101.6,800,2000,1400,2025-02-25,True,True,1200,0.07251962883654532
Other,Vegetables,102.5,800,2000,1400,2024-03-13,True,True,1200,0.07316202712348323
Other,Vegetables,105.7,1500,3000,2250,2024-12-09,True,True,1500,0.04695690804087072
Other,Vegetables,107.5,800,2000,1400,2024-03-05,True,True,1200,0.07673090649536046
Other,Vegetables,111.0,1000,3000,2000,2024-12-05,True,True,2000,0.05547226386806597
Other,Vegetables,111.9,1500,3500,2500,2024-12-06,True,True,2000,0.04474210315873651
Other,Vegetables,114.2,800,2000,1400,2024-03-14,True,True,1200,0.08151320485367594
Other,Vegetables,116.3,1000,2000,1500,2025-02-17,True,True,1000,0.07748167888074617
Other,Vegetables,116.4,800,2000,1400,2024-03-12,True,True,1200,0.08308351177730193
Other,Vegetables,119.1,1000,3000,2000,2024-12-03,True,True,2000,0.059520239880059965
Other,Vegetables,119.8,800,1600,1200,2024-03-06,True,True,800,0.09975020815986678
Other,Vegetables,122.9,800,2000,1400,2025-01-14,True,True,1200,0.08772305496074233
Other,Vegetables,122.9,1000,3000,2000,2024-12-23,True,True,2000,0.06141929035482259
Other,Vegetables,123.1,1000,2200,1600,2025-01-01,True,True,1200,0.0768894440974391
Other,Vegetables,125.2,800,2000,1400,2024-03-08,True,True,1200,0.08936473947180586
Other,Vegetables,128.0,1500,3000,2250,2024-12-10,True,True,1500,0.056863616170590846
Other,Vegetables,128.6,1000,2500,1750,2024-12-19,True,True,1500,0.07344374643061108
Other,Vegetables,130.8,1500,3500,2500,2024-12-11,True,True,2000,0.052299080367852864
Other,Vegetables,132.4,800,2500,1650,2024-03-15,True,True,1700,0.0801938219261054
Other,Vegetables,132.4,1000,2000,1500,2025-02-24,True,True,1000,0.0882078614257162
Other,Vegetables,132.9,1000,2000,1500,2025-01-29,True,True,1000,0.08854097268487675
Other,Vegetables,133.3,1000,2000,1500,2024-02-28,True,True,1000,0.0888074616922052
Other,Vegetables,134.1,1000,3000,2000,2024-03-24,True,True,2000,0.06701649175412294
Other,Vegetables,135.9,1000,2400,1700,2025-01-02,True,True,1400,0.07989417989417989
Other,Vegetables,136.8,1000,2200,1600,2024-12-30,True,True,1200,0.08544659587757653
Other,Vegetables,138.9,1000,2500,1750,2025-01-20,True,True,1500,0.07932609937178756
Other,Vegetables,139.2,1000,2500,1750,2025-02-27,True,True,1500,0.07949743003997715
Other,Vegetables,140.1,1000,2500,1750,2025-01-06,True,True,1500,0.08001142204454598
Other,Vegetables,140.2,800,2500,1650,2024-03-17,True,True,1700,0.08491823137492428
Other,Vegetables,141.0,1000,2500,1750,2025-01-17,True,True,1500,0.08052541404911479
Other,Vegetables,141.2,1000,2000,1500,2024-03-31,True,True,1000,0.09407061958694203
Other,Vegetables,141.3,1000,3000,2000,2024-12-24,True,True,2000,0.07061469265367316
Other,Vegetables,142.9,1000,3000,2000,2024-12-12,True,True,2000,0.07141429285357322
Other,Vegetables,144.5,800,2500,1650,2024-02-29,True,True,1700,0.08752271350696547
Other,Vegetables,145.1,1000,2000,1500,2025-01-21,True,True,1000,0.0966688874083944
Other,Vegetables,147.0,1000,3000,2000,2024-12-18,True,True,2000,0.0734632683658171
Other,Vegetables,148.2,1000,2800,1900,2025-01-07,True,True,1800,0.0779589689637033
Other,Vegetables,148.3,1000,2000,1500,2024-12-31,True,True,1000,0.098800799467022
Other,Vegetables,150.0,1000,2000,1500,2025-02-20,True,True,1000,0.09993337774816789
Other,Vegetables,150.2,1000,2000,1500,2025-01-16,True,True,1000,0.1000666222518321
Other,Vegetables,151.8,1000,2000,1500,2025-02-19,True,True,1000,0.10113257828114591
Other,Vegetables,156.3,1000,2500,1750,2025-01-23,True,True,1500,0.0892632781267847
Other,Vegetables,156.7,1000,2200,1600,2025-01-22,True,True,1200,0.09787632729544034
Other,Vegetables,156.8,1500,2500,2000,2024-12-13,True,True,1000,0.0783608195902049
Other,Vegetables,157.4,1000,1800,1400,2025-02-13,True,True,800,0.11234832262669522
Other,Vegetables,157.4,1000,5000,3000,2024-12-08,True,True,4000,0.05244918360546485
Other,Vegetables,160.9,1000,2000,1500,2024-12-26,True,True,1000,0.10719520319786809
Other,Vegetables,162.3,1000,2800,1900,2025-01-09,True,True,1800,0.08537611783271963
Other,Vegetables,162.7,1000,2600,1800,2025-01-03,True,True,1600,0.09033870072182121
Other,Vegetables,163.7,1000,2000,1500,2025-02-18,True,True,1000,0.10906062624916721
Other,Vegetables,164.1,1000,2000,1500,2025-01-28,True,True,1000,0.10932711525649566
Other,Vegetables,164.2,1200,2600,1900,2025-01-08,True,True,1400,0.08637559179379274
Other,Vegetables,166.6,1000,2000,1500,2025-01-30,True,True,1000,0.11099267155229846
Other,Vegetables,167.6,800,4000,2400,2024-03-01,True,True,3200,0.0698042482299042
Other,Vegetables,167.9,800,1500,1150,2024-03-03,True,True,700,0.14587315377932233
Other,Vegetables,170.7,1000,2500,1750,2024-12-25,True,True,1500,0.09748715019988577
Other,Vegetables,173.5,1000,2500,1750,2025-01-13,True,True,1500,0.0990862364363221
Other,Vegetables,176.5,1400,3200,2300,2024-12-17,True,True,1800,0.0767057800956106
Other,Vegetables,178.8,1000,2500,1750,2025-01-27,True,True,1500,0.10211307824100514
Other,Vegetables,181.2,1200,2000,1600,2025-02-04,True,True,800,0.11317926296064959
Other,Vegetables,181.7,1000,2500,1750,2024-12-20,True,True,1500,0.10376927470017132
Other,Vegetables,182.4,1000,2000,1500,2025-02-21,True,True,1000,0.12151898734177216
Other,Vegetables,185.5,800,2000,1400,2024-03-10,True,True,1200,0.13240542469664526
Other,Vegetables,187.6,1000,2000,1500,2025-02-14,True,True,1000,0.12498334443704197
Other,Vegetables,188.0,1000,1500,1250,2024-02-27,True,True,500,0.15027977617905675
Other,Vegetables,189.7,1000,2500,1750,2025-01-31,True,True,1500,0.10833809251856082
Other,Vegetables,191.6,1000,4000,2500,2024-12-22,True,True,3000,0.076609356257497
Other,Vegetables,191.8,1000,2000,1500,2025-02-06,True,True,1000,0.12778147901399067
Other,Vegetables,192.6,1000,2000,1500,2024-12-27,True,True,1000,0.12831445702864758
Other,Vegetables,193.5,1000,2000,1500,2025-01-19,True,True,1000,0.12891405729513658
Other,Vegetables,195.2,1000,2000,1500,2025-02-16,True,True,1000,0.13004663557628246
Other,Vegetables,212.9,1000,2000,1500,2025-02-23,True,True,1000,0.14183877415056628
Other,Vegetables,217.4,1000,2500,1750,2024-12-29,True,True,1500,0.12415762421473445
Other,Vegetables,222.3,1000,2000,1500,2025-02-07,True,True,1000,0.14810126582278482
Other,Vegetables,229.3,1000,2500,1750,2025-01-10,True,True,1500,0.13095374071958882
Other,Vegetables,230.4,1000,2000,1500,2025-02-02,True,True,1000,0.15349766822118588
Other,Vegetables,233.4,1000,2600,1800,2025-01-05,True,True,1600,0.12959466962798447
Other,Vegetables,245.7,1500,2000,1750,2025-01-24,True,True,500,0.14031981724728726
Other,Vegetables,450.4,1500,3000,2250,2025-01-12,True,True,1500,0.20008884940026653
Other,Vegetables,586.0,1000,2000,1500,2025-02-03,True,True,1000,0.39040639573617586
